<annotation>
<folder>images</folder>
<filename>661a1b2f-images_47.jpeg</filename>
<source>
<database>MyDatabase</database>
<annotation>COCO2017</annotation>
<image>flickr</image>
<flickrid>NULL</flickrid>
<annotator>1</annotator>
</source>
<owner>
<flickrid>NULL</flickrid>
<name>Label Studio</name>
</owner>
<size>
<width>288</width>
<height>175</height>
<depth>3</depth>
</size>
<segmented>0</segmented>
<object>
<name>nut</name>
<pose>Unspecified</pose>
<truncated>0</truncated>
<difficult>0</difficult>
<bndbox>
<xmin>151</xmin>
<ymin>121</ymin>
<xmax>169</xmax>
<ymax>138</ymax>
</bndbox>
</object>
<object>
<name>nut</name>
<pose>Unspecified</pose>
<truncated>0</truncated>
<difficult>0</difficult>
<bndbox>
<xmin>179</xmin>
<ymin>87</ymin>
<xmax>205</xmax>
<ymax>112</ymax>
</bndbox>
</object>
<object>
<name>nut</name>
<pose>Unspecified</pose>
<truncated>0</truncated>
<difficult>0</difficult>
<bndbox>
<xmin>189</xmin>
<ymin>70</ymin>
<xmax>213</xmax>
<ymax>92</ymax>
</bndbox>
</object>
<object>
<name>nut</name>
<pose>Unspecified</pose>
<truncated>0</truncated>
<difficult>0</difficult>
<bndbox>
<xmin>103</xmin>
<ymin>24</ymin>
<xmax>115</xmax>
<ymax>43</ymax>
</bndbox>
</object>
<object>
<name>nut</name>
<pose>Unspecified</pose>
<truncated>0</truncated>
<difficult>0</difficult>
<bndbox>
<xmin>55</xmin>
<ymin>80</ymin>
<xmax>77</xmax>
<ymax>99</ymax>
</bndbox>
</object>
<object>
<name>nut</name>
<pose>Unspecified</pose>
<truncated>0</truncated>
<difficult>0</difficult>
<bndbox>
<xmin>26</xmin>
<ymin>115</ymin>
<xmax>60</xmax>
<ymax>141</ymax>
</bndbox>
</object>
<object>
<name>nut</name>
<pose>Unspecified</pose>
<truncated>0</truncated>
<difficult>0</difficult>
<bndbox>
<xmin>75</xmin>
<ymin>99</ymin>
<xmax>109</xmax>
<ymax>125</ymax>
</bndbox>
</object>
<object>
<name>nut</name>
<pose>Unspecified</pose>
<truncated>0</truncated>
<difficult>0</difficult>
<bndbox>
<xmin>99</xmin>
<ymin>90</ymin>
<xmax>111</xmax>
<ymax>104</ymax>
</bndbox>
</object>
<object>
<name>nut</name>
<pose>Unspecified</pose>
<truncated>0</truncated>
<difficult>0</difficult>
<bndbox>
<xmin>128</xmin>
<ymin>76</ymin>
<xmax>156</xmax>
<ymax>97</ymax>
</bndbox>
</object>
<object>
<name>nut</name>
<pose>Unspecified</pose>
<truncated>0</truncated>
<difficult>0</difficult>
<bndbox>
<xmin>138</xmin>
<ymin>66</ymin>
<xmax>157</xmax>
<ymax>83</ymax>
</bndbox>
</object>
<object>
<name>nut</name>
<pose>Unspecified</pose>
<truncated>0</truncated>
<difficult>0</difficult>
<bndbox>
<xmin>84</xmin>
<ymin>2</ymin>
<xmax>99</xmax>
<ymax>19</ymax>
</bndbox>
</object>
<object>
<name>bolt</name>
<pose>Unspecified</pose>
<truncated>0</truncated>
<difficult>0</difficult>
<bndbox>
<xmin>9</xmin>
<ymin>0</ymin>
<xmax>30</xmax>
<ymax>37</ymax>
</bndbox>
</object>
<object>
<name>bolt</name>
<pose>Unspecified</pose>
<truncated>0</truncated>
<difficult>0</difficult>
<bndbox>
<xmin>19</xmin>
<ymin>0</ymin>
<xmax>49</xmax>
<ymax>25</ymax>
</bndbox>
</object>
<object>
<name>bolt</name>
<pose>Unspecified</pose>
<truncated>0</truncated>
<difficult>0</difficult>
<bndbox>
<xmin>34</xmin>
<ymin>11</ymin>
<xmax>71</xmax>
<ymax>23</ymax>
</bndbox>
</object>
<object>
<name>bolt</name>
<pose>Unspecified</pose>
<truncated>0</truncated>
<difficult>0</difficult>
<bndbox>
<xmin>53</xmin>
<ymin>9</ymin>
<xmax>90</xmax>
<ymax>40</ymax>
</bndbox>
</object>
<object>
<name>bolt</name>
<pose>Unspecified</pose>
<truncated>0</truncated>
<difficult>0</difficult>
<bndbox>
<xmin>63</xmin>
<ymin>38</ymin>
<xmax>126</xmax>
<ymax>80</ymax>
</bndbox>
</object>
<object>
<name>bolt</name>
<pose>Unspecified</pose>
<truncated>0</truncated>
<difficult>0</difficult>
<bndbox>
<xmin>16</xmin>
<ymin>59</ymin>
<xmax>54</xmax>
<ymax>75</ymax>
</bndbox>
</object>
<object>
<name>bolt</name>
<pose>Unspecified</pose>
<truncated>0</truncated>
<difficult>0</difficult>
<bndbox>
<xmin>0</xmin>
<ymin>48</ymin>
<xmax>30</xmax>
<ymax>69</ymax>
</bndbox>
</object>
<object>
<name>bolt</name>
<pose>Unspecified</pose>
<truncated>0</truncated>
<difficult>0</difficult>
<bndbox>
<xmin>0</xmin>
<ymin>29</ymin>
<xmax>45</xmax>
<ymax>60</ymax>
</bndbox>
</object>
<object>
<name>bolt</name>
<pose>Unspecified</pose>
<truncated>0</truncated>
<difficult>0</difficult>
<bndbox>
<xmin>32</xmin>
<ymin>77</ymin>
<xmax>67</xmax>
<ymax>115</ymax>
</bndbox>
</object>
<object>
<name>bolt</name>
<pose>Unspecified</pose>
<truncated>0</truncated>
<difficult>0</difficult>
<bndbox>
<xmin>70</xmin>
<ymin>71</ymin>
<xmax>108</xmax>
<ymax>86</ymax>
</bndbox>
</object>
<object>
<name>bolt</name>
<pose>Unspecified</pose>
<truncated>0</truncated>
<difficult>0</difficult>
<bndbox>
<xmin>138</xmin>
<ymin>97</ymin>
<xmax>156</xmax>
<ymax>134</ymax>
</bndbox>
</object>
<object>
<name>bolt</name>
<pose>Unspecified</pose>
<truncated>0</truncated>
<difficult>0</difficult>
<bndbox>
<xmin>162</xmin>
<ymin>41</ymin>
<xmax>184</xmax>
<ymax>80</ymax>
</bndbox>
</object>
<object>
<name>bolt</name>
<pose>Unspecified</pose>
<truncated>0</truncated>
<difficult>0</difficult>
<bndbox>
<xmin>112</xmin>
<ymin>30</ymin>
<xmax>147</xmax>
<ymax>49</ymax>
</bndbox>
</object>
<object>
<name>nut</name>
<pose>Unspecified</pose>
<truncated>0</truncated>
<difficult>0</difficult>
<bndbox>
<xmin>112</xmin>
<ymin>1</ymin>
<xmax>151</xmax>
<ymax>33</ymax>
</bndbox>
</object>
<object>
<name>bolt</name>
<pose>Unspecified</pose>
<truncated>0</truncated>
<difficult>0</difficult>
<bndbox>
<xmin>163</xmin>
<ymin>0</ymin>
<xmax>177</xmax>
<ymax>18</ymax>
</bndbox>
</object>
<object>
<name>bolt</name>
<pose>Unspecified</pose>
<truncated>0</truncated>
<difficult>0</difficult>
<bndbox>
<xmin>179</xmin>
<ymin>13</ymin>
<xmax>226</xmax>
<ymax>50</ymax>
</bndbox>
</object>
<object>
<name>bolt</name>
<pose>Unspecified</pose>
<truncated>0</truncated>
<difficult>0</difficult>
<bndbox>
<xmin>199</xmin>
<ymin>48</ymin>
<xmax>247</xmax>
<ymax>105</ymax>
</bndbox>
</object>
<object>
<name>bolt</name>
<pose>Unspecified</pose>
<truncated>0</truncated>
<difficult>0</difficult>
<bndbox>
<xmin>179</xmin>
<ymin>0</ymin>
<xmax>216</xmax>
<ymax>30</ymax>
</bndbox>
</object>
<object>
<name>bolt</name>
<pose>Unspecified</pose>
<truncated>0</truncated>
<difficult>0</difficult>
<bndbox>
<xmin>192</xmin>
<ymin>0</ymin>
<xmax>243</xmax>
<ymax>29</ymax>
</bndbox>
</object>
<object>
<name>bolt</name>
<pose>Unspecified</pose>
<truncated>0</truncated>
<difficult>0</difficult>
<bndbox>
<xmin>218</xmin>
<ymin>0</ymin>
<xmax>273</xmax>
<ymax>40</ymax>
</bndbox>
</object>
</annotation>
