<annotation>
<folder>images</folder>
<filename>6c8c11fc-images_80.jpeg</filename>
<source>
<database>MyDatabase</database>
<annotation>COCO2017</annotation>
<image>flickr</image>
<flickrid>NULL</flickrid>
<annotator>1</annotator>
</source>
<owner>
<flickrid>NULL</flickrid>
<name>Label Studio</name>
</owner>
<size>
<width>225</width>
<height>225</height>
<depth>3</depth>
</size>
<segmented>0</segmented>
<object>
<name>nut</name>
<pose>Unspecified</pose>
<truncated>0</truncated>
<difficult>0</difficult>
<bndbox>
<xmin>140</xmin>
<ymin>23</ymin>
<xmax>167</xmax>
<ymax>49</ymax>
</bndbox>
</object>
<object>
<name>nut</name>
<pose>Unspecified</pose>
<truncated>0</truncated>
<difficult>0</difficult>
<bndbox>
<xmin>101</xmin>
<ymin>27</ymin>
<xmax>126</xmax>
<ymax>52</ymax>
</bndbox>
</object>
<object>
<name>nut</name>
<pose>Unspecified</pose>
<truncated>0</truncated>
<difficult>0</difficult>
<bndbox>
<xmin>55</xmin>
<ymin>17</ymin>
<xmax>81</xmax>
<ymax>43</ymax>
</bndbox>
</object>
<object>
<name>nut</name>
<pose>Unspecified</pose>
<truncated>0</truncated>
<difficult>0</difficult>
<bndbox>
<xmin>89</xmin>
<ymin>64</ymin>
<xmax>110</xmax>
<ymax>87</ymax>
</bndbox>
</object>
<object>
<name>nut</name>
<pose>Unspecified</pose>
<truncated>0</truncated>
<difficult>0</difficult>
<bndbox>
<xmin>116</xmin>
<ymin>83</ymin>
<xmax>137</xmax>
<ymax>102</ymax>
</bndbox>
</object>
<object>
<name>nut</name>
<pose>Unspecified</pose>
<truncated>0</truncated>
<difficult>0</difficult>
<bndbox>
<xmin>146</xmin>
<ymin>65</ymin>
<xmax>175</xmax>
<ymax>93</ymax>
</bndbox>
</object>
<object>
<name>nut</name>
<pose>Unspecified</pose>
<truncated>0</truncated>
<difficult>0</difficult>
<bndbox>
<xmin>191</xmin>
<ymin>91</ymin>
<xmax>213</xmax>
<ymax>115</ymax>
</bndbox>
</object>
<object>
<name>nut</name>
<pose>Unspecified</pose>
<truncated>0</truncated>
<difficult>0</difficult>
<bndbox>
<xmin>160</xmin>
<ymin>117</ymin>
<xmax>186</xmax>
<ymax>139</ymax>
</bndbox>
</object>
<object>
<name>nut</name>
<pose>Unspecified</pose>
<truncated>0</truncated>
<difficult>0</difficult>
<bndbox>
<xmin>184</xmin>
<ymin>146</ymin>
<xmax>219</xmax>
<ymax>181</ymax>
</bndbox>
</object>
<object>
<name>nut</name>
<pose>Unspecified</pose>
<truncated>0</truncated>
<difficult>0</difficult>
<bndbox>
<xmin>131</xmin>
<ymin>146</ymin>
<xmax>157</xmax>
<ymax>173</ymax>
</bndbox>
</object>
<object>
<name>nut</name>
<pose>Unspecified</pose>
<truncated>0</truncated>
<difficult>0</difficult>
<bndbox>
<xmin>145</xmin>
<ymin>180</ymin>
<xmax>177</xmax>
<ymax>206</ymax>
</bndbox>
</object>
<object>
<name>nut</name>
<pose>Unspecified</pose>
<truncated>0</truncated>
<difficult>0</difficult>
<bndbox>
<xmin>96</xmin>
<ymin>182</ymin>
<xmax>117</xmax>
<ymax>203</ymax>
</bndbox>
</object>
<object>
<name>nut</name>
<pose>Unspecified</pose>
<truncated>0</truncated>
<difficult>0</difficult>
<bndbox>
<xmin>90</xmin>
<ymin>140</ymin>
<xmax>112</xmax>
<ymax>167</ymax>
</bndbox>
</object>
<object>
<name>nut</name>
<pose>Unspecified</pose>
<truncated>0</truncated>
<difficult>0</difficult>
<bndbox>
<xmin>12</xmin>
<ymin>114</ymin>
<xmax>77</xmax>
<ymax>172</ymax>
</bndbox>
</object>
<object>
<name>nut</name>
<pose>Unspecified</pose>
<truncated>0</truncated>
<difficult>0</difficult>
<bndbox>
<xmin>54</xmin>
<ymin>182</ymin>
<xmax>76</xmax>
<ymax>201</ymax>
</bndbox>
</object>
<object>
<name>nut</name>
<pose>Unspecified</pose>
<truncated>0</truncated>
<difficult>0</difficult>
<bndbox>
<xmin>3</xmin>
<ymin>179</ymin>
<xmax>30</xmax>
<ymax>203</ymax>
</bndbox>
</object>
<object>
<name>nut</name>
<pose>Unspecified</pose>
<truncated>0</truncated>
<difficult>0</difficult>
<bndbox>
<xmin>123</xmin>
<ymin>111</ymin>
<xmax>145</xmax>
<ymax>130</ymax>
</bndbox>
</object>
<object>
<name>nut</name>
<pose>Unspecified</pose>
<truncated>0</truncated>
<difficult>0</difficult>
<bndbox>
<xmin>87</xmin>
<ymin>100</ymin>
<xmax>106</xmax>
<ymax>127</ymax>
</bndbox>
</object>
<object>
<name>bolt</name>
<pose>Unspecified</pose>
<truncated>0</truncated>
<difficult>0</difficult>
<bndbox>
<xmin>53</xmin>
<ymin>55</ymin>
<xmax>70</xmax>
<ymax>105</ymax>
</bndbox>
</object>
<object>
<name>bolt</name>
<pose>Unspecified</pose>
<truncated>0</truncated>
<difficult>0</difficult>
<bndbox>
<xmin>184</xmin>
<ymin>22</ymin>
<xmax>204</xmax>
<ymax>81</ymax>
</bndbox>
</object>
</annotation>
