<annotation>
<folder>images</folder>
<filename>9be4884f-images_75.jpeg</filename>
<source>
<database>MyDatabase</database>
<annotation>COCO2017</annotation>
<image>flickr</image>
<flickrid>NULL</flickrid>
<annotator>1</annotator>
</source>
<owner>
<flickrid>NULL</flickrid>
<name>Label Studio</name>
</owner>
<size>
<width>225</width>
<height>225</height>
<depth>3</depth>
</size>
<segmented>0</segmented>
<object>
<name>nut</name>
<pose>Unspecified</pose>
<truncated>0</truncated>
<difficult>0</difficult>
<bndbox>
<xmin>78</xmin>
<ymin>30</ymin>
<xmax>158</xmax>
<ymax>93</ymax>
</bndbox>
</object>
<object>
<name>nut</name>
<pose>Unspecified</pose>
<truncated>0</truncated>
<difficult>0</difficult>
<bndbox>
<xmin>19</xmin>
<ymin>60</ymin>
<xmax>97</xmax>
<ymax>124</ymax>
</bndbox>
</object>
<object>
<name>nut</name>
<pose>Unspecified</pose>
<truncated>0</truncated>
<difficult>0</difficult>
<bndbox>
<xmin>65</xmin>
<ymin>92</ymin>
<xmax>135</xmax>
<ymax>147</ymax>
</bndbox>
</object>
<object>
<name>nut</name>
<pose>Unspecified</pose>
<truncated>0</truncated>
<difficult>0</difficult>
<bndbox>
<xmin>136</xmin>
<ymin>92</ymin>
<xmax>196</xmax>
<ymax>125</ymax>
</bndbox>
</object>
<object>
<name>nut</name>
<pose>Unspecified</pose>
<truncated>0</truncated>
<difficult>0</difficult>
<bndbox>
<xmin>117</xmin>
<ymin>128</ymin>
<xmax>175</xmax>
<ymax>161</ymax>
</bndbox>
</object>
<object>
<name>nut</name>
<pose>Unspecified</pose>
<truncated>0</truncated>
<difficult>0</difficult>
<bndbox>
<xmin>67</xmin>
<ymin>147</ymin>
<xmax>128</xmax>
<ymax>182</ymax>
</bndbox>
</object>
</annotation>
