<annotation>
<folder>images</folder>
<filename>d4617aa2-images_31.jpeg</filename>
<source>
<database>MyDatabase</database>
<annotation>COCO2017</annotation>
<image>flickr</image>
<flickrid>NULL</flickrid>
<annotator>1</annotator>
</source>
<owner>
<flickrid>NULL</flickrid>
<name>Label Studio</name>
</owner>
<size>
<width>349</width>
<height>144</height>
<depth>3</depth>
</size>
<segmented>0</segmented>
<object>
<name>nut</name>
<pose>Unspecified</pose>
<truncated>0</truncated>
<difficult>0</difficult>
<bndbox>
<xmin>178</xmin>
<ymin>56</ymin>
<xmax>240</xmax>
<ymax>125</ymax>
</bndbox>
</object>
<object>
<name>nut</name>
<pose>Unspecified</pose>
<truncated>0</truncated>
<difficult>0</difficult>
<bndbox>
<xmin>115</xmin>
<ymin>65</ymin>
<xmax>182</xmax>
<ymax>136</ymax>
</bndbox>
</object>
<object>
<name>nut</name>
<pose>Unspecified</pose>
<truncated>0</truncated>
<difficult>0</difficult>
<bndbox>
<xmin>106</xmin>
<ymin>103</ymin>
<xmax>125</xmax>
<ymax>127</ymax>
</bndbox>
</object>
<object>
<name>nut</name>
<pose>Unspecified</pose>
<truncated>0</truncated>
<difficult>0</difficult>
<bndbox>
<xmin>81</xmin>
<ymin>92</ymin>
<xmax>112</xmax>
<ymax>118</ymax>
</bndbox>
</object>
<object>
<name>nut</name>
<pose>Unspecified</pose>
<truncated>0</truncated>
<difficult>0</difficult>
<bndbox>
<xmin>46</xmin>
<ymin>93</ymin>
<xmax>79</xmax>
<ymax>117</ymax>
</bndbox>
</object>
<object>
<name>nut</name>
<pose>Unspecified</pose>
<truncated>0</truncated>
<difficult>0</difficult>
<bndbox>
<xmin>15</xmin>
<ymin>88</ymin>
<xmax>47</xmax>
<ymax>111</ymax>
</bndbox>
</object>
<object>
<name>nut</name>
<pose>Unspecified</pose>
<truncated>0</truncated>
<difficult>0</difficult>
<bndbox>
<xmin>112</xmin>
<ymin>39</ymin>
<xmax>142</xmax>
<ymax>49</ymax>
</bndbox>
</object>
<object>
<name>nut</name>
<pose>Unspecified</pose>
<truncated>0</truncated>
<difficult>0</difficult>
<bndbox>
<xmin>119</xmin>
<ymin>52</ymin>
<xmax>146</xmax>
<ymax>61</ymax>
</bndbox>
</object>
<object>
<name>nut</name>
<pose>Unspecified</pose>
<truncated>0</truncated>
<difficult>0</difficult>
<bndbox>
<xmin>142</xmin>
<ymin>56</ymin>
<xmax>165</xmax>
<ymax>67</ymax>
</bndbox>
</object>
<object>
<name>nut</name>
<pose>Unspecified</pose>
<truncated>0</truncated>
<difficult>0</difficult>
<bndbox>
<xmin>143</xmin>
<ymin>34</ymin>
<xmax>164</xmax>
<ymax>48</ymax>
</bndbox>
</object>
<object>
<name>nut</name>
<pose>Unspecified</pose>
<truncated>0</truncated>
<difficult>0</difficult>
<bndbox>
<xmin>109</xmin>
<ymin>30</ymin>
<xmax>138</xmax>
<ymax>44</ymax>
</bndbox>
</object>
<object>
<name>bolt</name>
<pose>Unspecified</pose>
<truncated>0</truncated>
<difficult>0</difficult>
<bndbox>
<xmin>162</xmin>
<ymin>4</ymin>
<xmax>181</xmax>
<ymax>53</ymax>
</bndbox>
</object>
<object>
<name>bolt</name>
<pose>Unspecified</pose>
<truncated>0</truncated>
<difficult>0</difficult>
<bndbox>
<xmin>242</xmin>
<ymin>25</ymin>
<xmax>260</xmax>
<ymax>75</ymax>
</bndbox>
</object>
<object>
<name>bolt</name>
<pose>Unspecified</pose>
<truncated>0</truncated>
<difficult>0</difficult>
<bndbox>
<xmin>262</xmin>
<ymin>5</ymin>
<xmax>279</xmax>
<ymax>56</ymax>
</bndbox>
</object>
<object>
<name>bolt</name>
<pose>Unspecified</pose>
<truncated>0</truncated>
<difficult>0</difficult>
<bndbox>
<xmin>235</xmin>
<ymin>88</ymin>
<xmax>279</xmax>
<ymax>124</ymax>
</bndbox>
</object>
<object>
<name>bolt</name>
<pose>Unspecified</pose>
<truncated>0</truncated>
<difficult>0</difficult>
<bndbox>
<xmin>274</xmin>
<ymin>78</ymin>
<xmax>314</xmax>
<ymax>116</ymax>
</bndbox>
</object>
<object>
<name>bolt</name>
<pose>Unspecified</pose>
<truncated>0</truncated>
<difficult>0</difficult>
<bndbox>
<xmin>49</xmin>
<ymin>59</ymin>
<xmax>93</xmax>
<ymax>95</ymax>
</bndbox>
</object>
<object>
<name>bolt</name>
<pose>Unspecified</pose>
<truncated>0</truncated>
<difficult>0</difficult>
<bndbox>
<xmin>80</xmin>
<ymin>53</ymin>
<xmax>119</xmax>
<ymax>93</ymax>
</bndbox>
</object>
<object>
<name>bolt</name>
<pose>Unspecified</pose>
<truncated>0</truncated>
<difficult>0</difficult>
<bndbox>
<xmin>213</xmin>
<ymin>33</ymin>
<xmax>242</xmax>
<ymax>56</ymax>
</bndbox>
</object>
<object>
<name>bolt</name>
<pose>Unspecified</pose>
<truncated>0</truncated>
<difficult>0</difficult>
<bndbox>
<xmin>290</xmin>
<ymin>60</ymin>
<xmax>326</xmax>
<ymax>81</ymax>
</bndbox>
</object>
</annotation>
