<?xml version="1.0" encoding="utf-8"?>
<annotation>
<folder>images</folder>
<filename>777dfce8-images_3.jpeg</filename>
<source>
<database>MyDatabase</database>
<annotation>COCO2017</annotation>
<image>flickr</image>
<flickrid>NULL</flickrid>
<annotator>1</annotator>
</source>
<owner>
<flickrid>NULL</flickrid>
<name>Label Studio</name>
</owner>
<size>
<width>276</width>
<height>183</height>
<depth>3</depth>
</size>
<segmented>0</segmented>
<object>
<name>nut</name>
<pose>Unspecified</pose>
<truncated>0</truncated>
<difficult>0</difficult>
<bndbox>
<xmin>9</xmin>
<ymin>132</ymin>
<xmax>25</xmax>
<ymax>144</ymax>
</bndbox>
</object>
<object>
<name>nut</name>
<pose>Unspecified</pose>
<truncated>0</truncated>
<difficult>0</difficult>
<bndbox>
<xmin>38</xmin>
<ymin>137</ymin>
<xmax>57</xmax>
<ymax>145</ymax>
</bndbox>
</object>
<object>
<name>nut</name>
<pose>Unspecified</pose>
<truncated>0</truncated>
<difficult>0</difficult>
<bndbox>
<xmin>68</xmin>
<ymin>121</ymin>
<xmax>86</xmax>
<ymax>132</ymax>
</bndbox>
</object>
<object>
<name>nut</name>
<pose>Unspecified</pose>
<truncated>0</truncated>
<difficult>0</difficult>
<bndbox>
<xmin>95</xmin>
<ymin>135</ymin>
<xmax>114</xmax>
<ymax>145</ymax>
</bndbox>
</object>
<object>
<name>nut</name>
<pose>Unspecified</pose>
<truncated>0</truncated>
<difficult>0</difficult>
<bndbox>
<xmin>137</xmin>
<ymin>124</ymin>
<xmax>155</xmax>
<ymax>135</ymax>
</bndbox>
</object>
<object>
<name>nut</name>
<pose>Unspecified</pose>
<truncated>0</truncated>
<difficult>0</difficult>
<bndbox>
<xmin>171</xmin>
<ymin>122</ymin>
<xmax>190</xmax>
<ymax>132</ymax>
</bndbox>
</object>
<object>
<name>nut</name>
<pose>Unspecified</pose>
<truncated>0</truncated>
<difficult>0</difficult>
<bndbox>
<xmin>207</xmin>
<ymin>118</ymin>
<xmax>227</xmax>
<ymax>129</ymax>
</bndbox>
</object>
<object>
<name>nut</name>
<pose>Unspecified</pose>
<truncated>0</truncated>
<difficult>0</difficult>
<bndbox>
<xmin>245</xmin>
<ymin>119</ymin>
<xmax>263</xmax>
<ymax>130</ymax>
</bndbox>
</object>
<object>
<name>bolt</name>
<pose>Unspecified</pose>
<truncated>0</truncated>
<difficult>0</difficult>
<bndbox>
<xmin>10</xmin>
<ymin>25</ymin>
<xmax>30</xmax>
<ymax>175</ymax>
</bndbox>
</object>
<object>
<name>bolt</name>
<pose>Unspecified</pose>
<truncated>0</truncated>
<difficult>0</difficult>
<bndbox>
<xmin>33</xmin>
<ymin>19</ymin>
<xmax>54</xmax>
<ymax>167</ymax>
</bndbox>
</object>
<object>
<name>bolt</name>
<pose>Unspecified</pose>
<truncated>0</truncated>
<difficult>0</difficult>
<bndbox>
<xmin>66</xmin>
<ymin>17</ymin>
<xmax>88</xmax>
<ymax>163</ymax>
</bndbox>
</object>
<object>
<name>bolt</name>
<pose>Unspecified</pose>
<truncated>0</truncated>
<difficult>0</difficult>
<bndbox>
<xmin>100</xmin>
<ymin>19</ymin>
<xmax>123</xmax>
<ymax>167</ymax>
</bndbox>
</object>
<object>
<name>bolt</name>
<pose>Unspecified</pose>
<truncated>0</truncated>
<difficult>0</difficult>
<bndbox>
<xmin>140</xmin>
<ymin>49</ymin>
<xmax>159</xmax>
<ymax>142</ymax>
</bndbox>
</object>
<object>
<name>bolt</name>
<pose>Unspecified</pose>
<truncated>0</truncated>
<difficult>0</difficult>
<bndbox>
<xmin>167</xmin>
<ymin>46</ymin>
<xmax>188</xmax>
<ymax>138</ymax>
</bndbox>
</object>
<object>
<name>bolt</name>
<pose>Unspecified</pose>
<truncated>0</truncated>
<difficult>0</difficult>
<bndbox>
<xmin>204</xmin>
<ymin>49</ymin>
<xmax>224</xmax>
<ymax>141</ymax>
</bndbox>
</object>
<object>
<name>bolt</name>
<pose>Unspecified</pose>
<truncated>0</truncated>
<difficult>0</difficult>
<bndbox>
<xmin>244</xmin>
<ymin>51</ymin>
<xmax>263</xmax>
<ymax>142</ymax>
</bndbox>
</object>
</annotation>
