<?xml version="1.0" encoding="utf-8"?>
<annotation>
<folder>images</folder>
<filename>bc764a39-image_13.jpeg</filename>
<source>
<database>MyDatabase</database>
<annotation>COCO2017</annotation>
<image>flickr</image>
<flickrid>NULL</flickrid>
<annotator>1</annotator>
</source>
<owner>
<flickrid>NULL</flickrid>
<name>Label Studio</name>
</owner>
<size>
<width>288</width>
<height>175</height>
<depth>3</depth>
</size>
<segmented>0</segmented>
<object>
<name>bolt</name>
<pose>Unspecified</pose>
<truncated>0</truncated>
<difficult>0</difficult>
<bndbox>
<xmin>144</xmin>
<ymin>4</ymin>
<xmax>204</xmax>
<ymax>146</ymax>
</bndbox>
</object>
<object>
<name>bolt</name>
<pose>Unspecified</pose>
<truncated>0</truncated>
<difficult>0</difficult>
<bndbox>
<xmin>79</xmin>
<ymin>81</ymin>
<xmax>199</xmax>
<ymax>139</ymax>
</bndbox>
</object>
</annotation>
