<?xml version="1.0" encoding="utf-8"?>
<annotation>
<folder>images</folder>
<filename>dad947de-images_87.jpeg</filename>
<source>
<database>MyDatabase</database>
<annotation>COCO2017</annotation>
<image>flickr</image>
<flickrid>NULL</flickrid>
<annotator>1</annotator>
</source>
<owner>
<flickrid>NULL</flickrid>
<name>Label Studio</name>
</owner>
<size>
<width>225</width>
<height>225</height>
<depth>3</depth>
</size>
<segmented>0</segmented>
<object>
<name>bolt</name>
<pose>Unspecified</pose>
<truncated>0</truncated>
<difficult>0</difficult>
<bndbox>
<xmin>152</xmin>
<ymin>66</ymin>
<xmax>197</xmax>
<ymax>131</ymax>
</bndbox>
</object>
<object>
<name>bolt</name>
<pose>Unspecified</pose>
<truncated>0</truncated>
<difficult>0</difficult>
<bndbox>
<xmin>95</xmin>
<ymin>53</ymin>
<xmax>158</xmax>
<ymax>150</ymax>
</bndbox>
</object>
<object>
<name>bolt</name>
<pose>Unspecified</pose>
<truncated>0</truncated>
<difficult>0</difficult>
<bndbox>
<xmin>58</xmin>
<ymin>61</ymin>
<xmax>110</xmax>
<ymax>144</ymax>
</bndbox>
</object>
<object>
<name>bolt</name>
<pose>Unspecified</pose>
<truncated>0</truncated>
<difficult>0</difficult>
<bndbox>
<xmin>24</xmin>
<ymin>81</ymin>
<xmax>66</xmax>
<ymax>150</ymax>
</bndbox>
</object>
<object>
<name>bolt</name>
<pose>Unspecified</pose>
<truncated>0</truncated>
<difficult>0</difficult>
<bndbox>
<xmin>11</xmin>
<ymin>160</ymin>
<xmax>212</xmax>
<ymax>173</ymax>
</bndbox>
</object>
</annotation>
