<annotation>
  <folder></folder>
  <filename>balloon-28.jpg</filename>
  <source>
    <database>Unknown</database>
    <annotation>Unknown</annotation>
    <image>Unknown</image>
  </source>
  <size>
    <width>1024</width>
    <height>683</height>
    <depth></depth>
  </size>
  <segmented>0</segmented>
  <object>
    <name>balloon</name>
    <occluded>0</occluded>
    <bndbox>
      <xmin>300.0</xmin>
      <ymin>239.0</ymin>
      <xmax>369.0</xmax>
      <ymax>333.0</ymax>
    </bndbox>
  </object>
</annotation>
