<annotation>
  <folder></folder>
  <filename>balloon-67.jpg</filename>
  <source>
    <database>Unknown</database>
    <annotation>Unknown</annotation>
    <image>Unknown</image>
  </source>
  <size>
    <width>1024</width>
    <height>675</height>
    <depth></depth>
  </size>
  <segmented>0</segmented>
  <object>
    <name>balloon</name>
    <occluded>0</occluded>
    <bndbox>
      <xmin>277.0</xmin>
      <ymin>92.0</ymin>
      <xmax>406.0</xmax>
      <ymax>266.0</ymax>
    </bndbox>
  </object>
  <object>
    <name>balloon</name>
    <occluded>0</occluded>
    <bndbox>
      <xmin>701.0</xmin>
      <ymin>468.0</ymin>
      <xmax>712.0</xmax>
      <ymax>491.0</ymax>
    </bndbox>
  </object>
  <object>
    <name>balloon</name>
    <occluded>0</occluded>
    <bndbox>
      <xmin>737.0</xmin>
      <ymin>342.0</ymin>
      <xmax>747.0</xmax>
      <ymax>354.0</ymax>
    </bndbox>
  </object>
</annotation>
