<annotation>
  <folder></folder>
  <filename>balloon-43.jpg</filename>
  <source>
    <database>Unknown</database>
    <annotation>Unknown</annotation>
    <image>Unknown</image>
  </source>
  <size>
    <width>1365</width>
    <height>2048</height>
    <depth></depth>
  </size>
  <segmented>0</segmented>
  <object>
    <name>balloon</name>
    <occluded>0</occluded>
    <bndbox>
      <xmin>983.0</xmin>
      <ymin>533.0</ymin>
      <xmax>1209.0</xmax>
      <ymax>800.0</ymax>
    </bndbox>
  </object>
</annotation>
