<annotation>
  <folder></folder>
  <filename>balloon-19.jpg</filename>
  <source>
    <database>Unknown</database>
    <annotation>Unknown</annotation>
    <image>Unknown</image>
  </source>
  <size>
    <width>1024</width>
    <height>576</height>
    <depth></depth>
  </size>
  <segmented>0</segmented>
  <object>
    <name>balloon</name>
    <occluded>0</occluded>
    <bndbox>
      <xmin>429.0</xmin>
      <ymin>47.0</ymin>
      <xmax>985.0</xmax>
      <ymax>573.0</ymax>
    </bndbox>
  </object>
</annotation>
