<annotation>
  <folder></folder>
  <filename>balloon-26.jpg</filename>
  <source>
    <database>Unknown</database>
    <annotation>Unknown</annotation>
    <image>Unknown</image>
  </source>
  <size>
    <width>769</width>
    <height>1024</height>
    <depth></depth>
  </size>
  <segmented>0</segmented>
  <object>
    <name>balloon</name>
    <occluded>0</occluded>
    <bndbox>
      <xmin>324.0</xmin>
      <ymin>478.0</ymin>
      <xmax>454.0</xmax>
      <ymax>613.0</ymax>
    </bndbox>
  </object>
  <object>
    <name>balloon</name>
    <occluded>0</occluded>
    <bndbox>
      <xmin>393.0</xmin>
      <ymin>635.0</ymin>
      <xmax>555.0</xmax>
      <ymax>806.0</ymax>
    </bndbox>
  </object>
  <object>
    <name>balloon</name>
    <occluded>0</occluded>
    <bndbox>
      <xmin>272.0</xmin>
      <ymin>726.0</ymin>
      <xmax>453.0</xmax>
      <ymax>913.0</ymax>
    </bndbox>
  </object>
</annotation>
