<annotation>
  <folder></folder>
  <filename>balloon-48.jpg</filename>
  <source>
    <database>Unknown</database>
    <annotation>Unknown</annotation>
    <image>Unknown</image>
  </source>
  <size>
    <width>2048</width>
    <height>1536</height>
    <depth></depth>
  </size>
  <segmented>0</segmented>
  <object>
    <name>balloon</name>
    <occluded>0</occluded>
    <bndbox>
      <xmin>946.0</xmin>
      <ymin>508.0</ymin>
      <xmax>1098.0</xmax>
      <ymax>684.0</ymax>
    </bndbox>
  </object>
  <object>
    <name>balloon</name>
    <occluded>0</occluded>
    <bndbox>
      <xmin>1081.0</xmin>
      <ymin>497.0</ymin>
      <xmax>1214.0</xmax>
      <ymax>674.0</ymax>
    </bndbox>
  </object>
</annotation>
