<annotation>
  <folder></folder>
  <filename>balloon-41.jpg</filename>
  <source>
    <database>Unknown</database>
    <annotation>Unknown</annotation>
    <image>Unknown</image>
  </source>
  <size>
    <width>2048</width>
    <height>1365</height>
    <depth></depth>
  </size>
  <segmented>0</segmented>
  <object>
    <name>balloon</name>
    <occluded>0</occluded>
    <bndbox>
      <xmin>780.0</xmin>
      <ymin>392.0</ymin>
      <xmax>987.0</xmax>
      <ymax>633.0</ymax>
    </bndbox>
  </object>
  <object>
    <name>balloon</name>
    <occluded>0</occluded>
    <bndbox>
      <xmin>785.0</xmin>
      <ymin>375.0</ymin>
      <xmax>1001.0</xmax>
      <ymax>587.0</ymax>
    </bndbox>
  </object>
  <object>
    <name>balloon</name>
    <occluded>0</occluded>
    <bndbox>
      <xmin>577.0</xmin>
      <ymin>449.0</ymin>
      <xmax>785.0</xmax>
      <ymax>667.0</ymax>
    </bndbox>
  </object>
  <object>
    <name>balloon</name>
    <occluded>0</occluded>
    <bndbox>
      <xmin>1052.0</xmin>
      <ymin>592.0</ymin>
      <xmax>1263.0</xmax>
      <ymax>815.0</ymax>
    </bndbox>
  </object>
  <object>
    <name>balloon</name>
    <occluded>0</occluded>
    <bndbox>
      <xmin>808.0</xmin>
      <ymin>651.0</ymin>
      <xmax>1009.0</xmax>
      <ymax>872.0</ymax>
    </bndbox>
  </object>
  <object>
    <name>balloon</name>
    <occluded>0</occluded>
    <bndbox>
      <xmin>941.0</xmin>
      <ymin>174.0</ymin>
      <xmax>1167.0</xmax>
      <ymax>414.0</ymax>
    </bndbox>
  </object>
  <object>
    <name>balloon</name>
    <occluded>0</occluded>
    <bndbox>
      <xmin>999.0</xmin>
      <ymin>376.0</ymin>
      <xmax>1198.0</xmax>
      <ymax>584.0</ymax>
    </bndbox>
  </object>
</annotation>
