<annotation>
  <folder></folder>
  <filename>balloon-24.jpg</filename>
  <source>
    <database>Unknown</database>
    <annotation>Unknown</annotation>
    <image>Unknown</image>
  </source>
  <size>
    <width>1024</width>
    <height>681</height>
    <depth></depth>
  </size>
  <segmented>0</segmented>
  <object>
    <name>balloon</name>
    <occluded>0</occluded>
    <bndbox>
      <xmin>301.0</xmin>
      <ymin>128.0</ymin>
      <xmax>536.0</xmax>
      <ymax>366.0</ymax>
    </bndbox>
  </object>
  <object>
    <name>balloon</name>
    <occluded>0</occluded>
    <bndbox>
      <xmin>548.0</xmin>
      <ymin>169.0</ymin>
      <xmax>782.0</xmax>
      <ymax>404.0</ymax>
    </bndbox>
  </object>
</annotation>
