<annotation>
  <folder></folder>
  <filename>balloon-54.jpg</filename>
  <source>
    <database>Unknown</database>
    <annotation>Unknown</annotation>
    <image>Unknown</image>
  </source>
  <size>
    <width>2048</width>
    <height>1536</height>
    <depth></depth>
  </size>
  <segmented>0</segmented>
  <object>
    <name>balloon</name>
    <occluded>0</occluded>
    <bndbox>
      <xmin>730.0</xmin>
      <ymin>522.0</ymin>
      <xmax>762.0</xmax>
      <ymax>609.0</ymax>
    </bndbox>
  </object>
  <object>
    <name>balloon</name>
    <occluded>0</occluded>
    <bndbox>
      <xmin>542.0</xmin>
      <ymin>468.0</ymin>
      <xmax>750.0</xmax>
      <ymax>670.0</ymax>
    </bndbox>
  </object>
  <object>
    <name>balloon</name>
    <occluded>0</occluded>
    <bndbox>
      <xmin>748.0</xmin>
      <ymin>457.0</ymin>
      <xmax>940.0</xmax>
      <ymax>680.0</ymax>
    </bndbox>
  </object>
  <object>
    <name>balloon</name>
    <occluded>0</occluded>
    <bndbox>
      <xmin>864.0</xmin>
      <ymin>608.0</ymin>
      <xmax>1055.0</xmax>
      <ymax>827.0</ymax>
    </bndbox>
  </object>
  <object>
    <name>balloon</name>
    <occluded>0</occluded>
    <bndbox>
      <xmin>659.0</xmin>
      <ymin>608.0</ymin>
      <xmax>864.0</xmax>
      <ymax>803.0</ymax>
    </bndbox>
  </object>
  <object>
    <name>balloon</name>
    <occluded>0</occluded>
    <bndbox>
      <xmin>648.0</xmin>
      <ymin>733.0</ymin>
      <xmax>873.0</xmax>
      <ymax>880.0</ymax>
    </bndbox>
  </object>
</annotation>
