<annotation>
  <folder></folder>
  <filename>balloon-5.jpg</filename>
  <source>
    <database>Unknown</database>
    <annotation>Unknown</annotation>
    <image>Unknown</image>
  </source>
  <size>
    <width>1024</width>
    <height>768</height>
    <depth></depth>
  </size>
  <segmented>0</segmented>
  <object>
    <name>balloon</name>
    <occluded>0</occluded>
    <bndbox>
      <xmin>56.0</xmin>
      <ymin>51.0</ymin>
      <xmax>97.0</xmax>
      <ymax>90.0</ymax>
    </bndbox>
  </object>
  <object>
    <name>balloon</name>
    <occluded>0</occluded>
    <bndbox>
      <xmin>324.0</xmin>
      <ymin>0.0</ymin>
      <xmax>385.0</xmax>
      <ymax>38.0</ymax>
    </bndbox>
  </object>
  <object>
    <name>balloon</name>
    <occluded>0</occluded>
    <bndbox>
      <xmin>256.0</xmin>
      <ymin>1.0</ymin>
      <xmax>325.0</xmax>
      <ymax>54.0</ymax>
    </bndbox>
  </object>
  <object>
    <name>balloon</name>
    <occluded>0</occluded>
    <bndbox>
      <xmin>274.0</xmin>
      <ymin>432.0</ymin>
      <xmax>286.0</xmax>
      <ymax>478.0</ymax>
    </bndbox>
  </object>
  <object>
    <name>balloon</name>
    <occluded>0</occluded>
    <bndbox>
      <xmin>421.0</xmin>
      <ymin>490.0</ymin>
      <xmax>443.0</xmax>
      <ymax>551.0</ymax>
    </bndbox>
  </object>
  <object>
    <name>balloon</name>
    <occluded>0</occluded>
    <bndbox>
      <xmin>76.0</xmin>
      <ymin>67.0</ymin>
      <xmax>118.0</xmax>
      <ymax>105.0</ymax>
    </bndbox>
  </object>
  <object>
    <name>balloon</name>
    <occluded>0</occluded>
    <bndbox>
      <xmin>1.0</xmin>
      <ymin>122.0</ymin>
      <xmax>34.0</xmax>
      <ymax>176.0</ymax>
    </bndbox>
  </object>
  <object>
    <name>balloon</name>
    <occluded>0</occluded>
    <bndbox>
      <xmin>476.0</xmin>
      <ymin>134.0</ymin>
      <xmax>567.0</xmax>
      <ymax>234.0</ymax>
    </bndbox>
  </object>
  <object>
    <name>balloon</name>
    <occluded>0</occluded>
    <bndbox>
      <xmin>383.0</xmin>
      <ymin>84.0</ymin>
      <xmax>442.0</xmax>
      <ymax>150.0</ymax>
    </bndbox>
  </object>
  <object>
    <name>balloon</name>
    <occluded>0</occluded>
    <bndbox>
      <xmin>602.0</xmin>
      <ymin>0.0</ymin>
      <xmax>655.0</xmax>
      <ymax>43.0</ymax>
    </bndbox>
  </object>
  <object>
    <name>balloon</name>
    <occluded>0</occluded>
    <bndbox>
      <xmin>597.0</xmin>
      <ymin>143.0</ymin>
      <xmax>654.0</xmax>
      <ymax>226.0</ymax>
    </bndbox>
  </object>
</annotation>
