<annotation>
  <folder></folder>
  <filename>balloon-13.jpg</filename>
  <source>
    <database>Unknown</database>
    <annotation>Unknown</annotation>
    <image>Unknown</image>
  </source>
  <size>
    <width>768</width>
    <height>1024</height>
    <depth></depth>
  </size>
  <segmented>0</segmented>
  <object>
    <name>balloon</name>
    <occluded>0</occluded>
    <bndbox>
      <xmin>341.0</xmin>
      <ymin>368.0</ymin>
      <xmax>488.0</xmax>
      <ymax>528.0</ymax>
    </bndbox>
  </object>
</annotation>
