<annotation>
  <folder></folder>
  <filename>balloon-59.jpg</filename>
  <source>
    <database>Unknown</database>
    <annotation>Unknown</annotation>
    <image>Unknown</image>
  </source>
  <size>
    <width>1536</width>
    <height>2048</height>
    <depth></depth>
  </size>
  <segmented>0</segmented>
  <object>
    <name>balloon</name>
    <occluded>0</occluded>
    <bndbox>
      <xmin>579.0</xmin>
      <ymin>487.0</ymin>
      <xmax>920.0</xmax>
      <ymax>921.0</ymax>
    </bndbox>
  </object>
</annotation>
