<annotation>
  <folder></folder>
  <filename>balloon-32.jpg</filename>
  <source>
    <database>Unknown</database>
    <annotation>Unknown</annotation>
    <image>Unknown</image>
  </source>
  <size>
    <width>1024</width>
    <height>681</height>
    <depth></depth>
  </size>
  <segmented>0</segmented>
  <object>
    <name>balloon</name>
    <occluded>0</occluded>
    <bndbox>
      <xmin>932.0</xmin>
      <ymin>283.0</ymin>
      <xmax>1023.0</xmax>
      <ymax>521.0</ymax>
    </bndbox>
  </object>
  <object>
    <name>balloon</name>
    <occluded>0</occluded>
    <bndbox>
      <xmin>594.0</xmin>
      <ymin>1.0</ymin>
      <xmax>1024.0</xmax>
      <ymax>371.0</ymax>
    </bndbox>
  </object>
  <object>
    <name>balloon</name>
    <occluded>0</occluded>
    <bndbox>
      <xmin>350.0</xmin>
      <ymin>152.0</ymin>
      <xmax>955.0</xmax>
      <ymax>680.0</ymax>
    </bndbox>
  </object>
</annotation>
