<annotation>
  <folder></folder>
  <filename>balloon-11.jpg</filename>
  <source>
    <database>Unknown</database>
    <annotation>Unknown</annotation>
    <image>Unknown</image>
  </source>
  <size>
    <width>1024</width>
    <height>803</height>
    <depth></depth>
  </size>
  <segmented>0</segmented>
  <object>
    <name>balloon</name>
    <occluded>0</occluded>
    <bndbox>
      <xmin>578.0</xmin>
      <ymin>131.0</ymin>
      <xmax>686.0</xmax>
      <ymax>189.0</ymax>
    </bndbox>
  </object>
  <object>
    <name>balloon</name>
    <occluded>0</occluded>
    <bndbox>
      <xmin>646.0</xmin>
      <ymin>242.0</ymin>
      <xmax>725.0</xmax>
      <ymax>325.0</ymax>
    </bndbox>
  </object>
  <object>
    <name>balloon</name>
    <occluded>0</occluded>
    <bndbox>
      <xmin>517.0</xmin>
      <ymin>172.0</ymin>
      <xmax>631.0</xmax>
      <ymax>248.0</ymax>
    </bndbox>
  </object>
  <object>
    <name>balloon</name>
    <occluded>0</occluded>
    <bndbox>
      <xmin>559.0</xmin>
      <ymin>198.0</ymin>
      <xmax>645.0</xmax>
      <ymax>285.0</ymax>
    </bndbox>
  </object>
  <object>
    <name>balloon</name>
    <occluded>0</occluded>
    <bndbox>
      <xmin>591.0</xmin>
      <ymin>259.0</ymin>
      <xmax>651.0</xmax>
      <ymax>319.0</ymax>
    </bndbox>
  </object>
  <object>
    <name>balloon</name>
    <occluded>0</occluded>
    <bndbox>
      <xmin>577.0</xmin>
      <ymin>315.0</ymin>
      <xmax>659.0</xmax>
      <ymax>404.0</ymax>
    </bndbox>
  </object>
  <object>
    <name>balloon</name>
    <occluded>0</occluded>
    <bndbox>
      <xmin>515.0</xmin>
      <ymin>270.0</ymin>
      <xmax>600.0</xmax>
      <ymax>357.0</ymax>
    </bndbox>
  </object>
  <object>
    <name>balloon</name>
    <occluded>0</occluded>
    <bndbox>
      <xmin>457.0</xmin>
      <ymin>242.0</ymin>
      <xmax>567.0</xmax>
      <ymax>297.0</ymax>
    </bndbox>
  </object>
  <object>
    <name>balloon</name>
    <occluded>0</occluded>
    <bndbox>
      <xmin>414.0</xmin>
      <ymin>288.0</ymin>
      <xmax>524.0</xmax>
      <ymax>379.0</ymax>
    </bndbox>
  </object>
  <object>
    <name>balloon</name>
    <occluded>0</occluded>
    <bndbox>
      <xmin>488.0</xmin>
      <ymin>352.0</ymin>
      <xmax>576.0</xmax>
      <ymax>442.0</ymax>
    </bndbox>
  </object>
  <object>
    <name>balloon</name>
    <occluded>0</occluded>
    <bndbox>
      <xmin>388.0</xmin>
      <ymin>334.0</ymin>
      <xmax>502.0</xmax>
      <ymax>412.0</ymax>
    </bndbox>
  </object>
  <object>
    <name>balloon</name>
    <occluded>0</occluded>
    <bndbox>
      <xmin>322.0</xmin>
      <ymin>400.0</ymin>
      <xmax>426.0</xmax>
      <ymax>475.0</ymax>
    </bndbox>
  </object>
  <object>
    <name>balloon</name>
    <occluded>0</occluded>
    <bndbox>
      <xmin>287.0</xmin>
      <ymin>472.0</ymin>
      <xmax>363.0</xmax>
      <ymax>540.0</ymax>
    </bndbox>
  </object>
  <object>
    <name>balloon</name>
    <occluded>0</occluded>
    <bndbox>
      <xmin>720.0</xmin>
      <ymin>180.0</ymin>
      <xmax>799.0</xmax>
      <ymax>258.0</ymax>
    </bndbox>
  </object>
  <object>
    <name>balloon</name>
    <occluded>0</occluded>
    <bndbox>
      <xmin>629.0</xmin>
      <ymin>166.0</ymin>
      <xmax>723.0</xmax>
      <ymax>246.0</ymax>
    </bndbox>
  </object>
  <object>
    <name>balloon</name>
    <occluded>0</occluded>
    <bndbox>
      <xmin>678.0</xmin>
      <ymin>102.0</ymin>
      <xmax>793.0</xmax>
      <ymax>191.0</ymax>
    </bndbox>
  </object>
</annotation>
