<annotation>
  <folder></folder>
  <filename>balloon-7.jpg</filename>
  <source>
    <database>Unknown</database>
    <annotation>Unknown</annotation>
    <image>Unknown</image>
  </source>
  <size>
    <width>1024</width>
    <height>768</height>
    <depth></depth>
  </size>
  <segmented>0</segmented>
  <object>
    <name>balloon</name>
    <occluded>0</occluded>
    <bndbox>
      <xmin>114.0</xmin>
      <ymin>278.0</ymin>
      <xmax>478.0</xmax>
      <ymax>612.0</ymax>
    </bndbox>
  </object>
  <object>
    <name>balloon</name>
    <occluded>0</occluded>
    <bndbox>
      <xmin>394.0</xmin>
      <ymin>138.0</ymin>
      <xmax>679.0</xmax>
      <ymax>391.0</ymax>
    </bndbox>
  </object>
  <object>
    <name>balloon</name>
    <occluded>0</occluded>
    <bndbox>
      <xmin>463.0</xmin>
      <ymin>272.0</ymin>
      <xmax>759.0</xmax>
      <ymax>563.0</ymax>
    </bndbox>
  </object>
</annotation>
