<annotation>
  <folder></folder>
  <filename>balloon-44.jpg</filename>
  <source>
    <database>Unknown</database>
    <annotation>Unknown</annotation>
    <image>Unknown</image>
  </source>
  <size>
    <width>2048</width>
    <height>1421</height>
    <depth></depth>
  </size>
  <segmented>0</segmented>
  <object>
    <name>balloon</name>
    <occluded>0</occluded>
    <bndbox>
      <xmin>1253.0</xmin>
      <ymin>2.0</ymin>
      <xmax>1652.0</xmax>
      <ymax>350.0</ymax>
    </bndbox>
  </object>
  <object>
    <name>balloon</name>
    <occluded>0</occluded>
    <bndbox>
      <xmin>1.0</xmin>
      <ymin>1.0</ymin>
      <xmax>302.0</xmax>
      <ymax>547.0</ymax>
    </bndbox>
  </object>
  <object>
    <name>balloon</name>
    <occluded>0</occluded>
    <bndbox>
      <xmin>1036.0</xmin>
      <ymin>302.0</ymin>
      <xmax>1254.0</xmax>
      <ymax>655.0</ymax>
    </bndbox>
  </object>
</annotation>
