<annotation>
  <folder></folder>
  <filename>balloon-10.jpg</filename>
  <source>
    <database>Unknown</database>
    <annotation>Unknown</annotation>
    <image>Unknown</image>
  </source>
  <size>
    <width>1024</width>
    <height>768</height>
    <depth></depth>
  </size>
  <segmented>0</segmented>
  <object>
    <name>balloon</name>
    <occluded>0</occluded>
    <bndbox>
      <xmin>494.0</xmin>
      <ymin>565.0</ymin>
      <xmax>674.0</xmax>
      <ymax>708.0</ymax>
    </bndbox>
  </object>
</annotation>
