<annotation>
  <folder></folder>
  <filename>balloon-46.jpg</filename>
  <source>
    <database>Unknown</database>
    <annotation>Unknown</annotation>
    <image>Unknown</image>
  </source>
  <size>
    <width>2048</width>
    <height>1625</height>
    <depth></depth>
  </size>
  <segmented>0</segmented>
  <object>
    <name>balloon</name>
    <occluded>0</occluded>
    <bndbox>
      <xmin>1347.0</xmin>
      <ymin>1.0</ymin>
      <xmax>1933.0</xmax>
      <ymax>644.0</ymax>
    </bndbox>
  </object>
  <object>
    <name>balloon</name>
    <occluded>0</occluded>
    <bndbox>
      <xmin>1397.0</xmin>
      <ymin>557.0</ymin>
      <xmax>1994.0</xmax>
      <ymax>1156.0</ymax>
    </bndbox>
  </object>
</annotation>
