<annotation>
  <folder></folder>
  <filename>balloon-40.jpg</filename>
  <source>
    <database>Unknown</database>
    <annotation>Unknown</annotation>
    <image>Unknown</image>
  </source>
  <size>
    <width>2048</width>
    <height>1429</height>
    <depth></depth>
  </size>
  <segmented>0</segmented>
  <object>
    <name>balloon</name>
    <occluded>0</occluded>
    <bndbox>
      <xmin>808.0</xmin>
      <ymin>1007.0</ymin>
      <xmax>1566.0</xmax>
      <ymax>1427.0</ymax>
    </bndbox>
  </object>
  <object>
    <name>balloon</name>
    <occluded>0</occluded>
    <bndbox>
      <xmin>533.0</xmin>
      <ymin>342.0</ymin>
      <xmax>1224.0</xmax>
      <ymax>1209.0</ymax>
    </bndbox>
  </object>
  <object>
    <name>balloon</name>
    <occluded>0</occluded>
    <bndbox>
      <xmin>438.0</xmin>
      <ymin>947.0</ymin>
      <xmax>636.0</xmax>
      <ymax>1186.0</ymax>
    </bndbox>
  </object>
  <object>
    <name>balloon</name>
    <occluded>0</occluded>
    <bndbox>
      <xmin>376.0</xmin>
      <ymin>846.0</ymin>
      <xmax>603.0</xmax>
      <ymax>1138.0</ymax>
    </bndbox>
  </object>
  <object>
    <name>balloon</name>
    <occluded>0</occluded>
    <bndbox>
      <xmin>202.0</xmin>
      <ymin>861.0</ymin>
      <xmax>407.0</xmax>
      <ymax>1146.0</ymax>
    </bndbox>
  </object>
</annotation>
