<annotation>
  <folder></folder>
  <filename>balloon-69.jpg</filename>
  <source>
    <database>Unknown</database>
    <annotation>Unknown</annotation>
    <image>Unknown</image>
  </source>
  <size>
    <width>768</width>
    <height>1024</height>
    <depth></depth>
  </size>
  <segmented>0</segmented>
  <object>
    <name>balloon</name>
    <occluded>0</occluded>
    <bndbox>
      <xmin>307.0</xmin>
      <ymin>369.0</ymin>
      <xmax>425.0</xmax>
      <ymax>503.0</ymax>
    </bndbox>
  </object>
  <object>
    <name>balloon</name>
    <occluded>0</occluded>
    <bndbox>
      <xmin>31.0</xmin>
      <ymin>400.0</ymin>
      <xmax>66.0</xmax>
      <ymax>447.0</ymax>
    </bndbox>
  </object>
  <object>
    <name>balloon</name>
    <occluded>0</occluded>
    <bndbox>
      <xmin>67.0</xmin>
      <ymin>224.0</ymin>
      <xmax>321.0</xmax>
      <ymax>509.0</ymax>
    </bndbox>
  </object>
  <object>
    <name>balloon</name>
    <occluded>0</occluded>
    <bndbox>
      <xmin>269.0</xmin>
      <ymin>75.0</ymin>
      <xmax>553.0</xmax>
      <ymax>447.0</ymax>
    </bndbox>
  </object>
  <object>
    <name>balloon</name>
    <occluded>0</occluded>
    <bndbox>
      <xmin>503.0</xmin>
      <ymin>225.0</ymin>
      <xmax>725.0</xmax>
      <ymax>454.0</ymax>
    </bndbox>
  </object>
  <object>
    <name>balloon</name>
    <occluded>0</occluded>
    <bndbox>
      <xmin>401.0</xmin>
      <ymin>353.0</ymin>
      <xmax>694.0</xmax>
      <ymax>698.0</ymax>
    </bndbox>
  </object>
  <object>
    <name>balloon</name>
    <occluded>0</occluded>
    <bndbox>
      <xmin>138.0</xmin>
      <ymin>450.0</ymin>
      <xmax>415.0</xmax>
      <ymax>799.0</ymax>
    </bndbox>
  </object>
</annotation>
