<annotation>
  <folder></folder>
  <filename>balloon-9.jpg</filename>
  <source>
    <database>Unknown</database>
    <annotation>Unknown</annotation>
    <image>Unknown</image>
  </source>
  <size>
    <width>768</width>
    <height>1024</height>
    <depth></depth>
  </size>
  <segmented>0</segmented>
  <object>
    <name>balloon</name>
    <occluded>0</occluded>
    <bndbox>
      <xmin>60.0</xmin>
      <ymin>726.0</ymin>
      <xmax>335.0</xmax>
      <ymax>991.0</ymax>
    </bndbox>
  </object>
  <object>
    <name>balloon</name>
    <occluded>0</occluded>
    <bndbox>
      <xmin>153.0</xmin>
      <ymin>466.0</ymin>
      <xmax>454.0</xmax>
      <ymax>757.0</ymax>
    </bndbox>
  </object>
  <object>
    <name>balloon</name>
    <occluded>0</occluded>
    <bndbox>
      <xmin>365.0</xmin>
      <ymin>368.0</ymin>
      <xmax>662.0</xmax>
      <ymax>627.0</ymax>
    </bndbox>
  </object>
  <object>
    <name>balloon</name>
    <occluded>0</occluded>
    <bndbox>
      <xmin>265.0</xmin>
      <ymin>55.0</ymin>
      <xmax>607.0</xmax>
      <ymax>410.0</ymax>
    </bndbox>
  </object>
  <object>
    <name>balloon</name>
    <occluded>0</occluded>
    <bndbox>
      <xmin>294.0</xmin>
      <ymin>624.0</ymin>
      <xmax>570.0</xmax>
      <ymax>872.0</ymax>
    </bndbox>
  </object>
  <object>
    <name>balloon</name>
    <occluded>0</occluded>
    <bndbox>
      <xmin>284.0</xmin>
      <ymin>831.0</ymin>
      <xmax>382.0</xmax>
      <ymax>956.0</ymax>
    </bndbox>
  </object>
  <object>
    <name>balloon</name>
    <occluded>0</occluded>
    <bndbox>
      <xmin>2.0</xmin>
      <ymin>0.0</ymin>
      <xmax>171.0</xmax>
      <ymax>295.0</ymax>
    </bndbox>
  </object>
  <object>
    <name>balloon</name>
    <occluded>0</occluded>
    <bndbox>
      <xmin>0.0</xmin>
      <ymin>273.0</ymin>
      <xmax>230.0</xmax>
      <ymax>563.0</ymax>
    </bndbox>
  </object>
  <object>
    <name>balloon</name>
    <occluded>0</occluded>
    <bndbox>
      <xmin>1.0</xmin>
      <ymin>554.0</ymin>
      <xmax>172.0</xmax>
      <ymax>781.0</ymax>
    </bndbox>
  </object>
  <object>
    <name>balloon</name>
    <occluded>0</occluded>
    <bndbox>
      <xmin>1.0</xmin>
      <ymin>764.0</ymin>
      <xmax>109.0</xmax>
      <ymax>987.0</ymax>
    </bndbox>
  </object>
  <object>
    <name>balloon</name>
    <occluded>0</occluded>
    <bndbox>
      <xmin>192.0</xmin>
      <ymin>327.0</ymin>
      <xmax>263.0</xmax>
      <ymax>432.0</ymax>
    </bndbox>
  </object>
  <object>
    <name>balloon</name>
    <occluded>0</occluded>
    <bndbox>
      <xmin>129.0</xmin>
      <ymin>421.0</ymin>
      <xmax>299.0</xmax>
      <ymax>574.0</ymax>
    </bndbox>
  </object>
</annotation>
