<annotation>
  <folder></folder>
  <filename>balloon-73.jpg</filename>
  <source>
    <database>Unknown</database>
    <annotation>Unknown</annotation>
    <image>Unknown</image>
  </source>
  <size>
    <width>1536</width>
    <height>2048</height>
    <depth></depth>
  </size>
  <segmented>0</segmented>
  <object>
    <name>balloon</name>
    <occluded>0</occluded>
    <bndbox>
      <xmin>563.0</xmin>
      <ymin>596.0</ymin>
      <xmax>765.0</xmax>
      <ymax>772.0</ymax>
    </bndbox>
  </object>
  <object>
    <name>balloon</name>
    <occluded>0</occluded>
    <bndbox>
      <xmin>513.0</xmin>
      <ymin>168.0</ymin>
      <xmax>737.0</xmax>
      <ymax>390.0</ymax>
    </bndbox>
  </object>
  <object>
    <name>balloon</name>
    <occluded>0</occluded>
    <bndbox>
      <xmin>731.0</xmin>
      <ymin>213.0</ymin>
      <xmax>910.0</xmax>
      <ymax>299.0</ymax>
    </bndbox>
  </object>
  <object>
    <name>balloon</name>
    <occluded>0</occluded>
    <bndbox>
      <xmin>698.0</xmin>
      <ymin>250.0</ymin>
      <xmax>931.0</xmax>
      <ymax>489.0</ymax>
    </bndbox>
  </object>
  <object>
    <name>balloon</name>
    <occluded>0</occluded>
    <bndbox>
      <xmin>852.0</xmin>
      <ymin>480.0</ymin>
      <xmax>992.0</xmax>
      <ymax>708.0</ymax>
    </bndbox>
  </object>
  <object>
    <name>balloon</name>
    <occluded>0</occluded>
    <bndbox>
      <xmin>690.0</xmin>
      <ymin>449.0</ymin>
      <xmax>939.0</xmax>
      <ymax>738.0</ymax>
    </bndbox>
  </object>
  <object>
    <name>balloon</name>
    <occluded>0</occluded>
    <bndbox>
      <xmin>490.0</xmin>
      <ymin>338.0</ymin>
      <xmax>724.0</xmax>
      <ymax>625.0</ymax>
    </bndbox>
  </object>
</annotation>
