<annotation>
  <folder></folder>
  <filename>balloon-34.jpg</filename>
  <source>
    <database>Unknown</database>
    <annotation>Unknown</annotation>
    <image>Unknown</image>
  </source>
  <size>
    <width>1024</width>
    <height>768</height>
    <depth></depth>
  </size>
  <segmented>0</segmented>
  <object>
    <name>balloon</name>
    <occluded>0</occluded>
    <bndbox>
      <xmin>195.0</xmin>
      <ymin>0.0</ymin>
      <xmax>401.0</xmax>
      <ymax>253.0</ymax>
    </bndbox>
  </object>
  <object>
    <name>balloon</name>
    <occluded>0</occluded>
    <bndbox>
      <xmin>438.0</xmin>
      <ymin>0.0</ymin>
      <xmax>490.0</xmax>
      <ymax>29.0</ymax>
    </bndbox>
  </object>
  <object>
    <name>balloon</name>
    <occluded>0</occluded>
    <bndbox>
      <xmin>425.0</xmin>
      <ymin>0.0</ymin>
      <xmax>490.0</xmax>
      <ymax>71.0</ymax>
    </bndbox>
  </object>
  <object>
    <name>balloon</name>
    <occluded>0</occluded>
    <bndbox>
      <xmin>484.0</xmin>
      <ymin>0.0</ymin>
      <xmax>563.0</xmax>
      <ymax>81.0</ymax>
    </bndbox>
  </object>
  <object>
    <name>balloon</name>
    <occluded>0</occluded>
    <bndbox>
      <xmin>87.0</xmin>
      <ymin>30.0</ymin>
      <xmax>246.0</xmax>
      <ymax>245.0</ymax>
    </bndbox>
  </object>
</annotation>
