<annotation>
  <folder></folder>
  <filename>balloon-25.jpg</filename>
  <source>
    <database>Unknown</database>
    <annotation>Unknown</annotation>
    <image>Unknown</image>
  </source>
  <size>
    <width>1024</width>
    <height>725</height>
    <depth></depth>
  </size>
  <segmented>0</segmented>
  <object>
    <name>balloon</name>
    <occluded>0</occluded>
    <bndbox>
      <xmin>0.0</xmin>
      <ymin>338.0</ymin>
      <xmax>406.0</xmax>
      <ymax>725.0</ymax>
    </bndbox>
  </object>
  <object>
    <name>balloon</name>
    <occluded>0</occluded>
    <bndbox>
      <xmin>53.0</xmin>
      <ymin>106.0</ymin>
      <xmax>368.0</xmax>
      <ymax>364.0</ymax>
    </bndbox>
  </object>
  <object>
    <name>balloon</name>
    <occluded>0</occluded>
    <bndbox>
      <xmin>383.0</xmin>
      <ymin>478.0</ymin>
      <xmax>545.0</xmax>
      <ymax>622.0</ymax>
    </bndbox>
  </object>
  <object>
    <name>balloon</name>
    <occluded>0</occluded>
    <bndbox>
      <xmin>457.0</xmin>
      <ymin>512.0</ymin>
      <xmax>610.0</xmax>
      <ymax>724.0</ymax>
    </bndbox>
  </object>
  <object>
    <name>balloon</name>
    <occluded>0</occluded>
    <bndbox>
      <xmin>551.0</xmin>
      <ymin>356.0</ymin>
      <xmax>873.0</xmax>
      <ymax>710.0</ymax>
    </bndbox>
  </object>
  <object>
    <name>balloon</name>
    <occluded>0</occluded>
    <bndbox>
      <xmin>266.0</xmin>
      <ymin>143.0</ymin>
      <xmax>784.0</xmax>
      <ymax>514.0</ymax>
    </bndbox>
  </object>
</annotation>
