<annotation>
  <folder></folder>
  <filename>balloon-38.jpg</filename>
  <source>
    <database>Unknown</database>
    <annotation>Unknown</annotation>
    <image>Unknown</image>
  </source>
  <size>
    <width>2048</width>
    <height>1360</height>
    <depth></depth>
  </size>
  <segmented>0</segmented>
  <object>
    <name>balloon</name>
    <occluded>0</occluded>
    <bndbox>
      <xmin>664.0</xmin>
      <ymin>243.0</ymin>
      <xmax>1403.0</xmax>
      <ymax>990.0</ymax>
    </bndbox>
  </object>
  <object>
    <name>balloon</name>
    <occluded>0</occluded>
    <bndbox>
      <xmin>1287.0</xmin>
      <ymin>414.0</ymin>
      <xmax>1688.0</xmax>
      <ymax>927.0</ymax>
    </bndbox>
  </object>
  <object>
    <name>balloon</name>
    <occluded>0</occluded>
    <bndbox>
      <xmin>584.0</xmin>
      <ymin>408.0</ymin>
      <xmax>727.0</xmax>
      <ymax>831.0</ymax>
    </bndbox>
  </object>
</annotation>
