<annotation>
  <folder></folder>
  <filename>balloon-62.jpg</filename>
  <source>
    <database>Unknown</database>
    <annotation>Unknown</annotation>
    <image>Unknown</image>
  </source>
  <size>
    <width>1024</width>
    <height>768</height>
    <depth></depth>
  </size>
  <segmented>0</segmented>
  <object>
    <name>balloon</name>
    <occluded>0</occluded>
    <bndbox>
      <xmin>362.0</xmin>
      <ymin>0.0</ymin>
      <xmax>567.0</xmax>
      <ymax>226.0</ymax>
    </bndbox>
  </object>
  <object>
    <name>balloon</name>
    <occluded>0</occluded>
    <bndbox>
      <xmin>144.0</xmin>
      <ymin>10.0</ymin>
      <xmax>379.0</xmax>
      <ymax>244.0</ymax>
    </bndbox>
  </object>
  <object>
    <name>balloon</name>
    <occluded>0</occluded>
    <bndbox>
      <xmin>671.0</xmin>
      <ymin>1.0</ymin>
      <xmax>914.0</xmax>
      <ymax>254.0</ymax>
    </bndbox>
  </object>
</annotation>
