<annotation>
  <folder></folder>
  <filename>balloon-45.jpg</filename>
  <source>
    <database>Unknown</database>
    <annotation>Unknown</annotation>
    <image>Unknown</image>
  </source>
  <size>
    <width>2048</width>
    <height>2019</height>
    <depth></depth>
  </size>
  <segmented>0</segmented>
  <object>
    <name>balloon</name>
    <occluded>0</occluded>
    <bndbox>
      <xmin>150.0</xmin>
      <ymin>850.0</ymin>
      <xmax>986.0</xmax>
      <ymax>1920.0</ymax>
    </bndbox>
  </object>
  <object>
    <name>balloon</name>
    <occluded>0</occluded>
    <bndbox>
      <xmin>964.0</xmin>
      <ymin>610.0</ymin>
      <xmax>1787.0</xmax>
      <ymax>1630.0</ymax>
    </bndbox>
  </object>
  <object>
    <name>balloon</name>
    <occluded>0</occluded>
    <bndbox>
      <xmin>1167.0</xmin>
      <ymin>102.0</ymin>
      <xmax>1875.0</xmax>
      <ymax>777.0</ymax>
    </bndbox>
  </object>
  <object>
    <name>balloon</name>
    <occluded>0</occluded>
    <bndbox>
      <xmin>479.0</xmin>
      <ymin>314.0</ymin>
      <xmax>1193.0</xmax>
      <ymax>1167.0</ymax>
    </bndbox>
  </object>
  <object>
    <name>balloon</name>
    <occluded>0</occluded>
    <bndbox>
      <xmin>756.0</xmin>
      <ymin>1239.0</ymin>
      <xmax>1185.0</xmax>
      <ymax>1857.0</ymax>
    </bndbox>
  </object>
</annotation>
