<annotation>
  <folder></folder>
  <filename>balloon-65.jpg</filename>
  <source>
    <database>Unknown</database>
    <annotation>Unknown</annotation>
    <image>Unknown</image>
  </source>
  <size>
    <width>683</width>
    <height>1024</height>
    <depth></depth>
  </size>
  <segmented>0</segmented>
  <object>
    <name>balloon</name>
    <occluded>0</occluded>
    <bndbox>
      <xmin>56.0</xmin>
      <ymin>360.0</ymin>
      <xmax>222.0</xmax>
      <ymax>512.0</ymax>
    </bndbox>
  </object>
  <object>
    <name>balloon</name>
    <occluded>0</occluded>
    <bndbox>
      <xmin>153.0</xmin>
      <ymin>440.0</ymin>
      <xmax>288.0</xmax>
      <ymax>572.0</ymax>
    </bndbox>
  </object>
  <object>
    <name>balloon</name>
    <occluded>0</occluded>
    <bndbox>
      <xmin>206.0</xmin>
      <ymin>153.0</ymin>
      <xmax>347.0</xmax>
      <ymax>329.0</ymax>
    </bndbox>
  </object>
  <object>
    <name>balloon</name>
    <occluded>0</occluded>
    <bndbox>
      <xmin>137.0</xmin>
      <ymin>247.0</ymin>
      <xmax>286.0</xmax>
      <ymax>423.0</ymax>
    </bndbox>
  </object>
  <object>
    <name>balloon</name>
    <occluded>0</occluded>
    <bndbox>
      <xmin>308.0</xmin>
      <ymin>343.0</ymin>
      <xmax>443.0</xmax>
      <ymax>488.0</ymax>
    </bndbox>
  </object>
  <object>
    <name>balloon</name>
    <occluded>0</occluded>
    <bndbox>
      <xmin>203.0</xmin>
      <ymin>327.0</ymin>
      <xmax>310.0</xmax>
      <ymax>446.0</ymax>
    </bndbox>
  </object>
</annotation>
