<annotation>
  <folder></folder>
  <filename>balloon-17.jpg</filename>
  <source>
    <database>Unknown</database>
    <annotation>Unknown</annotation>
    <image>Unknown</image>
  </source>
  <size>
    <width>1024</width>
    <height>681</height>
    <depth></depth>
  </size>
  <segmented>0</segmented>
  <object>
    <name>balloon</name>
    <occluded>0</occluded>
    <bndbox>
      <xmin>358.0</xmin>
      <ymin>227.0</ymin>
      <xmax>477.0</xmax>
      <ymax>367.0</ymax>
    </bndbox>
  </object>
  <object>
    <name>balloon</name>
    <occluded>0</occluded>
    <bndbox>
      <xmin>365.0</xmin>
      <ymin>604.0</ymin>
      <xmax>416.0</xmax>
      <ymax>669.0</ymax>
    </bndbox>
  </object>
  <object>
    <name>balloon</name>
    <occluded>0</occluded>
    <bndbox>
      <xmin>437.0</xmin>
      <ymin>605.0</ymin>
      <xmax>498.0</xmax>
      <ymax>666.0</ymax>
    </bndbox>
  </object>
  <object>
    <name>balloon</name>
    <occluded>0</occluded>
    <bndbox>
      <xmin>568.0</xmin>
      <ymin>608.0</ymin>
      <xmax>634.0</xmax>
      <ymax>671.0</ymax>
    </bndbox>
  </object>
</annotation>
