<annotation>
  <folder></folder>
  <filename>balloon-2.jpg</filename>
  <source>
    <database>Unknown</database>
    <annotation>Unknown</annotation>
    <image>Unknown</image>
  </source>
  <size>
    <width>1024</width>
    <height>679</height>
    <depth></depth>
  </size>
  <segmented>0</segmented>
  <object>
    <name>balloon</name>
    <occluded>0</occluded>
    <bndbox>
      <xmin>82.0</xmin>
      <ymin>486.0</ymin>
      <xmax>172.0</xmax>
      <ymax>616.0</ymax>
    </bndbox>
  </object>
  <object>
    <name>balloon</name>
    <occluded>0</occluded>
    <bndbox>
      <xmin>600.0</xmin>
      <ymin>218.0</ymin>
      <xmax>777.0</xmax>
      <ymax>433.0</ymax>
    </bndbox>
  </object>
  <object>
    <name>balloon</name>
    <occluded>0</occluded>
    <bndbox>
      <xmin>66.0</xmin>
      <ymin>81.0</ymin>
      <xmax>237.0</xmax>
      <ymax>272.0</ymax>
    </bndbox>
  </object>
  <object>
    <name>balloon</name>
    <occluded>0</occluded>
    <bndbox>
      <xmin>154.0</xmin>
      <ymin>246.0</ymin>
      <xmax>332.0</xmax>
      <ymax>377.0</ymax>
    </bndbox>
  </object>
  <object>
    <name>balloon</name>
    <occluded>0</occluded>
    <bndbox>
      <xmin>228.0</xmin>
      <ymin>56.0</ymin>
      <xmax>372.0</xmax>
      <ymax>230.0</ymax>
    </bndbox>
  </object>
  <object>
    <name>balloon</name>
    <occluded>0</occluded>
    <bndbox>
      <xmin>228.0</xmin>
      <ymin>206.0</ymin>
      <xmax>354.0</xmax>
      <ymax>296.0</ymax>
    </bndbox>
  </object>
  <object>
    <name>balloon</name>
    <occluded>0</occluded>
    <bndbox>
      <xmin>130.0</xmin>
      <ymin>254.0</ymin>
      <xmax>153.0</xmax>
      <ymax>346.0</ymax>
    </bndbox>
  </object>
  <object>
    <name>balloon</name>
    <occluded>0</occluded>
    <bndbox>
      <xmin>130.0</xmin>
      <ymin>77.0</ymin>
      <xmax>222.0</xmax>
      <ymax>124.0</ymax>
    </bndbox>
  </object>
  <object>
    <name>balloon</name>
    <occluded>0</occluded>
    <bndbox>
      <xmin>177.0</xmin>
      <ymin>0.0</ymin>
      <xmax>309.0</xmax>
      <ymax>110.0</ymax>
    </bndbox>
  </object>
  <object>
    <name>balloon</name>
    <occluded>0</occluded>
    <bndbox>
      <xmin>352.0</xmin>
      <ymin>1.0</ymin>
      <xmax>509.0</xmax>
      <ymax>155.0</ymax>
    </bndbox>
  </object>
  <object>
    <name>balloon</name>
    <occluded>0</occluded>
    <bndbox>
      <xmin>328.0</xmin>
      <ymin>115.0</ymin>
      <xmax>450.0</xmax>
      <ymax>243.0</ymax>
    </bndbox>
  </object>
  <object>
    <name>balloon</name>
    <occluded>0</occluded>
    <bndbox>
      <xmin>320.0</xmin>
      <ymin>261.0</ymin>
      <xmax>359.0</xmax>
      <ymax>354.0</ymax>
    </bndbox>
  </object>
  <object>
    <name>balloon</name>
    <occluded>0</occluded>
    <bndbox>
      <xmin>106.0</xmin>
      <ymin>323.0</ymin>
      <xmax>286.0</xmax>
      <ymax>494.0</ymax>
    </bndbox>
  </object>
  <object>
    <name>balloon</name>
    <occluded>0</occluded>
    <bndbox>
      <xmin>249.0</xmin>
      <ymin>418.0</ymin>
      <xmax>409.0</xmax>
      <ymax>572.0</ymax>
    </bndbox>
  </object>
  <object>
    <name>balloon</name>
    <occluded>0</occluded>
    <bndbox>
      <xmin>391.0</xmin>
      <ymin>435.0</ymin>
      <xmax>583.0</xmax>
      <ymax>598.0</ymax>
    </bndbox>
  </object>
  <object>
    <name>balloon</name>
    <occluded>0</occluded>
    <bndbox>
      <xmin>117.0</xmin>
      <ymin>477.0</ymin>
      <xmax>257.0</xmax>
      <ymax>592.0</ymax>
    </bndbox>
  </object>
  <object>
    <name>balloon</name>
    <occluded>0</occluded>
    <bndbox>
      <xmin>106.0</xmin>
      <ymin>594.0</ymin>
      <xmax>296.0</xmax>
      <ymax>679.0</ymax>
    </bndbox>
  </object>
  <object>
    <name>balloon</name>
    <occluded>0</occluded>
    <bndbox>
      <xmin>7.0</xmin>
      <ymin>189.0</ymin>
      <xmax>142.0</xmax>
      <ymax>403.0</ymax>
    </bndbox>
  </object>
  <object>
    <name>balloon</name>
    <occluded>0</occluded>
    <bndbox>
      <xmin>38.0</xmin>
      <ymin>323.0</ymin>
      <xmax>84.0</xmax>
      <ymax>449.0</ymax>
    </bndbox>
  </object>
  <object>
    <name>balloon</name>
    <occluded>0</occluded>
    <bndbox>
      <xmin>731.0</xmin>
      <ymin>516.0</ymin>
      <xmax>917.0</xmax>
      <ymax>655.0</ymax>
    </bndbox>
  </object>
  <object>
    <name>balloon</name>
    <occluded>0</occluded>
    <bndbox>
      <xmin>694.0</xmin>
      <ymin>592.0</ymin>
      <xmax>909.0</xmax>
      <ymax>679.0</ymax>
    </bndbox>
  </object>
  <object>
    <name>balloon</name>
    <occluded>0</occluded>
    <bndbox>
      <xmin>738.0</xmin>
      <ymin>405.0</ymin>
      <xmax>914.0</xmax>
      <ymax>550.0</ymax>
    </bndbox>
  </object>
  <object>
    <name>balloon</name>
    <occluded>0</occluded>
    <bndbox>
      <xmin>803.0</xmin>
      <ymin>266.0</ymin>
      <xmax>953.0</xmax>
      <ymax>452.0</ymax>
    </bndbox>
  </object>
  <object>
    <name>balloon</name>
    <occluded>0</occluded>
    <bndbox>
      <xmin>739.0</xmin>
      <ymin>67.0</ymin>
      <xmax>961.0</xmax>
      <ymax>297.0</ymax>
    </bndbox>
  </object>
  <object>
    <name>balloon</name>
    <occluded>0</occluded>
    <bndbox>
      <xmin>571.0</xmin>
      <ymin>0.0</ymin>
      <xmax>732.0</xmax>
      <ymax>166.0</ymax>
    </bndbox>
  </object>
  <object>
    <name>balloon</name>
    <occluded>0</occluded>
    <bndbox>
      <xmin>720.0</xmin>
      <ymin>1.0</ymin>
      <xmax>913.0</xmax>
      <ymax>135.0</ymax>
    </bndbox>
  </object>
  <object>
    <name>balloon</name>
    <occluded>0</occluded>
    <bndbox>
      <xmin>286.0</xmin>
      <ymin>607.0</ymin>
      <xmax>433.0</xmax>
      <ymax>678.0</ymax>
    </bndbox>
  </object>
  <object>
    <name>balloon</name>
    <occluded>0</occluded>
    <bndbox>
      <xmin>75.0</xmin>
      <ymin>400.0</ymin>
      <xmax>131.0</xmax>
      <ymax>495.0</ymax>
    </bndbox>
  </object>
</annotation>
