<annotation>
  <folder></folder>
  <filename>balloon-15.jpg</filename>
  <source>
    <database>Unknown</database>
    <annotation>Unknown</annotation>
    <image>Unknown</image>
  </source>
  <size>
    <width>1024</width>
    <height>856</height>
    <depth></depth>
  </size>
  <segmented>0</segmented>
  <object>
    <name>balloon</name>
    <occluded>0</occluded>
    <bndbox>
      <xmin>553.0</xmin>
      <ymin>18.0</ymin>
      <xmax>643.0</xmax>
      <ymax>129.0</ymax>
    </bndbox>
  </object>
</annotation>
