<annotation>
  <folder></folder>
  <filename>balloon-71.jpg</filename>
  <source>
    <database>Unknown</database>
    <annotation>Unknown</annotation>
    <image>Unknown</image>
  </source>
  <size>
    <width>2048</width>
    <height>1595</height>
    <depth></depth>
  </size>
  <segmented>0</segmented>
  <object>
    <name>balloon</name>
    <occluded>0</occluded>
    <bndbox>
      <xmin>910.0</xmin>
      <ymin>163.0</ymin>
      <xmax>1029.0</xmax>
      <ymax>305.0</ymax>
    </bndbox>
  </object>
  <object>
    <name>balloon</name>
    <occluded>0</occluded>
    <bndbox>
      <xmin>824.0</xmin>
      <ymin>157.0</ymin>
      <xmax>928.0</xmax>
      <ymax>267.0</ymax>
    </bndbox>
  </object>
  <object>
    <name>balloon</name>
    <occluded>0</occluded>
    <bndbox>
      <xmin>924.0</xmin>
      <ymin>280.0</ymin>
      <xmax>1010.0</xmax>
      <ymax>373.0</ymax>
    </bndbox>
  </object>
  <object>
    <name>balloon</name>
    <occluded>0</occluded>
    <bndbox>
      <xmin>796.0</xmin>
      <ymin>239.0</ymin>
      <xmax>951.0</xmax>
      <ymax>374.0</ymax>
    </bndbox>
  </object>
  <object>
    <name>balloon</name>
    <occluded>0</occluded>
    <bndbox>
      <xmin>906.0</xmin>
      <ymin>63.0</ymin>
      <xmax>1024.0</xmax>
      <ymax>180.0</ymax>
    </bndbox>
  </object>
  <object>
    <name>balloon</name>
    <occluded>0</occluded>
    <bndbox>
      <xmin>990.0</xmin>
      <ymin>181.0</ymin>
      <xmax>1100.0</xmax>
      <ymax>304.0</ymax>
    </bndbox>
  </object>
</annotation>
