<annotation>
  <folder></folder>
  <filename>balloon-72.jpg</filename>
  <source>
    <database>Unknown</database>
    <annotation>Unknown</annotation>
    <image>Unknown</image>
  </source>
  <size>
    <width>2048</width>
    <height>1365</height>
    <depth></depth>
  </size>
  <segmented>0</segmented>
  <object>
    <name>balloon</name>
    <occluded>0</occluded>
    <bndbox>
      <xmin>21.0</xmin>
      <ymin>541.0</ymin>
      <xmax>73.0</xmax>
      <ymax>604.0</ymax>
    </bndbox>
  </object>
  <object>
    <name>balloon</name>
    <occluded>0</occluded>
    <bndbox>
      <xmin>1963.0</xmin>
      <ymin>459.0</ymin>
      <xmax>2018.0</xmax>
      <ymax>518.0</ymax>
    </bndbox>
  </object>
  <object>
    <name>balloon</name>
    <occluded>0</occluded>
    <bndbox>
      <xmin>743.0</xmin>
      <ymin>1.0</ymin>
      <xmax>902.0</xmax>
      <ymax>72.0</ymax>
    </bndbox>
  </object>
  <object>
    <name>balloon</name>
    <occluded>0</occluded>
    <bndbox>
      <xmin>1917.0</xmin>
      <ymin>465.0</ymin>
      <xmax>1964.0</xmax>
      <ymax>518.0</ymax>
    </bndbox>
  </object>
  <object>
    <name>balloon</name>
    <occluded>0</occluded>
    <bndbox>
      <xmin>615.0</xmin>
      <ymin>69.0</ymin>
      <xmax>838.0</xmax>
      <ymax>362.0</ymax>
    </bndbox>
  </object>
  <object>
    <name>balloon</name>
    <occluded>0</occluded>
    <bndbox>
      <xmin>574.0</xmin>
      <ymin>311.0</ymin>
      <xmax>634.0</xmax>
      <ymax>351.0</ymax>
    </bndbox>
  </object>
  <object>
    <name>balloon</name>
    <occluded>0</occluded>
    <bndbox>
      <xmin>517.0</xmin>
      <ymin>357.0</ymin>
      <xmax>562.0</xmax>
      <ymax>421.0</ymax>
    </bndbox>
  </object>
  <object>
    <name>balloon</name>
    <occluded>0</occluded>
    <bndbox>
      <xmin>528.0</xmin>
      <ymin>329.0</ymin>
      <xmax>754.0</xmax>
      <ymax>611.0</ymax>
    </bndbox>
  </object>
  <object>
    <name>balloon</name>
    <occluded>0</occluded>
    <bndbox>
      <xmin>126.0</xmin>
      <ymin>419.0</ymin>
      <xmax>203.0</xmax>
      <ymax>499.0</ymax>
    </bndbox>
  </object>
</annotation>
