<annotation>
  <folder></folder>
  <filename>balloon-31.jpg</filename>
  <source>
    <database>Unknown</database>
    <annotation>Unknown</annotation>
    <image>Unknown</image>
  </source>
  <size>
    <width>1024</width>
    <height>683</height>
    <depth></depth>
  </size>
  <segmented>0</segmented>
  <object>
    <name>balloon</name>
    <occluded>0</occluded>
    <bndbox>
      <xmin>381.0</xmin>
      <ymin>235.0</ymin>
      <xmax>659.0</xmax>
      <ymax>494.0</ymax>
    </bndbox>
  </object>
  <object>
    <name>balloon</name>
    <occluded>0</occluded>
    <bndbox>
      <xmin>364.0</xmin>
      <ymin>149.0</ymin>
      <xmax>729.0</xmax>
      <ymax>342.0</ymax>
    </bndbox>
  </object>
  <object>
    <name>balloon</name>
    <occluded>0</occluded>
    <bndbox>
      <xmin>689.0</xmin>
      <ymin>392.0</ymin>
      <xmax>1024.0</xmax>
      <ymax>683.0</ymax>
    </bndbox>
  </object>
  <object>
    <name>balloon</name>
    <occluded>0</occluded>
    <bndbox>
      <xmin>605.0</xmin>
      <ymin>343.0</ymin>
      <xmax>1024.0</xmax>
      <ymax>512.0</ymax>
    </bndbox>
  </object>
  <object>
    <name>balloon</name>
    <occluded>0</occluded>
    <bndbox>
      <xmin>235.0</xmin>
      <ymin>505.0</ymin>
      <xmax>959.0</xmax>
      <ymax>681.0</ymax>
    </bndbox>
  </object>
  <object>
    <name>balloon</name>
    <occluded>0</occluded>
    <bndbox>
      <xmin>472.0</xmin>
      <ymin>214.0</ymin>
      <xmax>1024.0</xmax>
      <ymax>524.0</ymax>
    </bndbox>
  </object>
  <object>
    <name>balloon</name>
    <occluded>0</occluded>
    <bndbox>
      <xmin>1.0</xmin>
      <ymin>377.0</ymin>
      <xmax>99.0</xmax>
      <ymax>683.0</ymax>
    </bndbox>
  </object>
  <object>
    <name>balloon</name>
    <occluded>0</occluded>
    <bndbox>
      <xmin>10.0</xmin>
      <ymin>346.0</ymin>
      <xmax>486.0</xmax>
      <ymax>682.0</ymax>
    </bndbox>
  </object>
  <object>
    <name>balloon</name>
    <occluded>0</occluded>
    <bndbox>
      <xmin>1.0</xmin>
      <ymin>125.0</ymin>
      <xmax>52.0</xmax>
      <ymax>257.0</ymax>
    </bndbox>
  </object>
  <object>
    <name>balloon</name>
    <occluded>0</occluded>
    <bndbox>
      <xmin>2.0</xmin>
      <ymin>58.0</ymin>
      <xmax>117.0</xmax>
      <ymax>176.0</ymax>
    </bndbox>
  </object>
  <object>
    <name>balloon</name>
    <occluded>0</occluded>
    <bndbox>
      <xmin>36.0</xmin>
      <ymin>114.0</ymin>
      <xmax>201.0</xmax>
      <ymax>225.0</ymax>
    </bndbox>
  </object>
  <object>
    <name>balloon</name>
    <occluded>0</occluded>
    <bndbox>
      <xmin>1.0</xmin>
      <ymin>188.0</ymin>
      <xmax>208.0</xmax>
      <ymax>380.0</ymax>
    </bndbox>
  </object>
  <object>
    <name>balloon</name>
    <occluded>0</occluded>
    <bndbox>
      <xmin>218.0</xmin>
      <ymin>41.0</ymin>
      <xmax>379.0</xmax>
      <ymax>93.0</ymax>
    </bndbox>
  </object>
  <object>
    <name>balloon</name>
    <occluded>0</occluded>
    <bndbox>
      <xmin>366.0</xmin>
      <ymin>167.0</ymin>
      <xmax>417.0</xmax>
      <ymax>254.0</ymax>
    </bndbox>
  </object>
  <object>
    <name>balloon</name>
    <occluded>0</occluded>
    <bndbox>
      <xmin>469.0</xmin>
      <ymin>23.0</ymin>
      <xmax>784.0</xmax>
      <ymax>217.0</ymax>
    </bndbox>
  </object>
  <object>
    <name>balloon</name>
    <occluded>0</occluded>
    <bndbox>
      <xmin>399.0</xmin>
      <ymin>97.0</ymin>
      <xmax>745.0</xmax>
      <ymax>223.0</ymax>
    </bndbox>
  </object>
  <object>
    <name>balloon</name>
    <occluded>0</occluded>
    <bndbox>
      <xmin>953.0</xmin>
      <ymin>96.0</ymin>
      <xmax>1023.0</xmax>
      <ymax>158.0</ymax>
    </bndbox>
  </object>
  <object>
    <name>balloon</name>
    <occluded>0</occluded>
    <bndbox>
      <xmin>751.0</xmin>
      <ymin>101.0</ymin>
      <xmax>1023.0</xmax>
      <ymax>224.0</ymax>
    </bndbox>
  </object>
  <object>
    <name>balloon</name>
    <occluded>0</occluded>
    <bndbox>
      <xmin>884.0</xmin>
      <ymin>165.0</ymin>
      <xmax>1024.0</xmax>
      <ymax>307.0</ymax>
    </bndbox>
  </object>
</annotation>
