<annotation>
  <folder></folder>
  <filename>balloon-74.jpg</filename>
  <source>
    <database>Unknown</database>
    <annotation>Unknown</annotation>
    <image>Unknown</image>
  </source>
  <size>
    <width>1323</width>
    <height>2048</height>
    <depth></depth>
  </size>
  <segmented>0</segmented>
  <object>
    <name>balloon</name>
    <occluded>0</occluded>
    <bndbox>
      <xmin>580.0</xmin>
      <ymin>329.0</ymin>
      <xmax>916.0</xmax>
      <ymax>785.0</ymax>
    </bndbox>
  </object>
</annotation>
