<annotation>
  <folder></folder>
  <filename>balloon-56.jpg</filename>
  <source>
    <database>Unknown</database>
    <annotation>Unknown</annotation>
    <image>Unknown</image>
  </source>
  <size>
    <width>2048</width>
    <height>1363</height>
    <depth></depth>
  </size>
  <segmented>0</segmented>
  <object>
    <name>balloon</name>
    <occluded>0</occluded>
    <bndbox>
      <xmin>75.0</xmin>
      <ymin>95.0</ymin>
      <xmax>938.0</xmax>
      <ymax>961.0</ymax>
    </bndbox>
  </object>
</annotation>
