<annotation>
  <folder></folder>
  <filename>balloon-18.jpg</filename>
  <source>
    <database>Unknown</database>
    <annotation>Unknown</annotation>
    <image>Unknown</image>
  </source>
  <size>
    <width>1024</width>
    <height>681</height>
    <depth></depth>
  </size>
  <segmented>0</segmented>
  <object>
    <name>balloon</name>
    <occluded>0</occluded>
    <bndbox>
      <xmin>980.0</xmin>
      <ymin>333.0</ymin>
      <xmax>1024.0</xmax>
      <ymax>514.0</ymax>
    </bndbox>
  </object>
  <object>
    <name>balloon</name>
    <occluded>0</occluded>
    <bndbox>
      <xmin>905.0</xmin>
      <ymin>190.0</ymin>
      <xmax>1023.0</xmax>
      <ymax>387.0</ymax>
    </bndbox>
  </object>
</annotation>
