<annotation>
  <folder></folder>
  <filename>balloon-16.jpg</filename>
  <source>
    <database>Unknown</database>
    <annotation>Unknown</annotation>
    <image>Unknown</image>
  </source>
  <size>
    <width>768</width>
    <height>1024</height>
    <depth></depth>
  </size>
  <segmented>0</segmented>
  <object>
    <name>balloon</name>
    <occluded>0</occluded>
    <bndbox>
      <xmin>209.0</xmin>
      <ymin>713.0</ymin>
      <xmax>398.0</xmax>
      <ymax>937.0</ymax>
    </bndbox>
  </object>
  <object>
    <name>balloon</name>
    <occluded>0</occluded>
    <bndbox>
      <xmin>224.0</xmin>
      <ymin>569.0</ymin>
      <xmax>378.0</xmax>
      <ymax>730.0</ymax>
    </bndbox>
  </object>
  <object>
    <name>balloon</name>
    <occluded>0</occluded>
    <bndbox>
      <xmin>318.0</xmin>
      <ymin>456.0</ymin>
      <xmax>503.0</xmax>
      <ymax>681.0</ymax>
    </bndbox>
  </object>
  <object>
    <name>balloon</name>
    <occluded>0</occluded>
    <bndbox>
      <xmin>471.0</xmin>
      <ymin>358.0</ymin>
      <xmax>671.0</xmax>
      <ymax>632.0</ymax>
    </bndbox>
  </object>
</annotation>
