<annotation>
  <folder></folder>
  <filename>balloon-42.jpg</filename>
  <source>
    <database>Unknown</database>
    <annotation>Unknown</annotation>
    <image>Unknown</image>
  </source>
  <size>
    <width>2048</width>
    <height>1365</height>
    <depth></depth>
  </size>
  <segmented>0</segmented>
  <object>
    <name>balloon</name>
    <occluded>0</occluded>
    <bndbox>
      <xmin>1823.0</xmin>
      <ymin>96.0</ymin>
      <xmax>2047.0</xmax>
      <ymax>673.0</ymax>
    </bndbox>
  </object>
  <object>
    <name>balloon</name>
    <occluded>0</occluded>
    <bndbox>
      <xmin>787.0</xmin>
      <ymin>142.0</ymin>
      <xmax>1388.0</xmax>
      <ymax>722.0</ymax>
    </bndbox>
  </object>
  <object>
    <name>balloon</name>
    <occluded>0</occluded>
    <bndbox>
      <xmin>1534.0</xmin>
      <ymin>617.0</ymin>
      <xmax>2047.0</xmax>
      <ymax>1014.0</ymax>
    </bndbox>
  </object>
  <object>
    <name>balloon</name>
    <occluded>0</occluded>
    <bndbox>
      <xmin>1535.0</xmin>
      <ymin>855.0</ymin>
      <xmax>2047.0</xmax>
      <ymax>1364.0</ymax>
    </bndbox>
  </object>
  <object>
    <name>balloon</name>
    <occluded>0</occluded>
    <bndbox>
      <xmin>1261.0</xmin>
      <ymin>103.0</ymin>
      <xmax>1752.0</xmax>
      <ymax>699.0</ymax>
    </bndbox>
  </object>
</annotation>
