<annotation>
  <folder></folder>
  <filename>balloon-50.jpg</filename>
  <source>
    <database>Unknown</database>
    <annotation>Unknown</annotation>
    <image>Unknown</image>
  </source>
  <size>
    <width>2048</width>
    <height>1356</height>
    <depth></depth>
  </size>
  <segmented>0</segmented>
  <object>
    <name>balloon</name>
    <occluded>0</occluded>
    <bndbox>
      <xmin>599.0</xmin>
      <ymin>0.0</ymin>
      <xmax>845.0</xmax>
      <ymax>299.0</ymax>
    </bndbox>
  </object>
</annotation>
