<annotation>
  <folder></folder>
  <filename>balloon-4.jpg</filename>
  <source>
    <database>Unknown</database>
    <annotation>Unknown</annotation>
    <image>Unknown</image>
  </source>
  <size>
    <width>1024</width>
    <height>768</height>
    <depth></depth>
  </size>
  <segmented>0</segmented>
  <object>
    <name>balloon</name>
    <occluded>0</occluded>
    <bndbox>
      <xmin>438.0</xmin>
      <ymin>251.0</ymin>
      <xmax>551.0</xmax>
      <ymax>360.0</ymax>
    </bndbox>
  </object>
  <object>
    <name>balloon</name>
    <occluded>0</occluded>
    <bndbox>
      <xmin>152.0</xmin>
      <ymin>243.0</ymin>
      <xmax>170.0</xmax>
      <ymax>281.0</ymax>
    </bndbox>
  </object>
  <object>
    <name>balloon</name>
    <occluded>0</occluded>
    <bndbox>
      <xmin>304.0</xmin>
      <ymin>138.0</ymin>
      <xmax>323.0</xmax>
      <ymax>190.0</ymax>
    </bndbox>
  </object>
  <object>
    <name>balloon</name>
    <occluded>0</occluded>
    <bndbox>
      <xmin>1.0</xmin>
      <ymin>29.0</ymin>
      <xmax>165.0</xmax>
      <ymax>236.0</ymax>
    </bndbox>
  </object>
  <object>
    <name>balloon</name>
    <occluded>0</occluded>
    <bndbox>
      <xmin>147.0</xmin>
      <ymin>76.0</ymin>
      <xmax>314.0</xmax>
      <ymax>281.0</ymax>
    </bndbox>
  </object>
  <object>
    <name>balloon</name>
    <occluded>0</occluded>
    <bndbox>
      <xmin>151.0</xmin>
      <ymin>263.0</ymin>
      <xmax>284.0</xmax>
      <ymax>365.0</ymax>
    </bndbox>
  </object>
  <object>
    <name>balloon</name>
    <occluded>0</occluded>
    <bndbox>
      <xmin>343.0</xmin>
      <ymin>277.0</ymin>
      <xmax>443.0</xmax>
      <ymax>391.0</ymax>
    </bndbox>
  </object>
  <object>
    <name>balloon</name>
    <occluded>0</occluded>
    <bndbox>
      <xmin>284.0</xmin>
      <ymin>309.0</ymin>
      <xmax>414.0</xmax>
      <ymax>446.0</ymax>
    </bndbox>
  </object>
  <object>
    <name>balloon</name>
    <occluded>0</occluded>
    <bndbox>
      <xmin>406.0</xmin>
      <ymin>324.0</ymin>
      <xmax>483.0</xmax>
      <ymax>423.0</ymax>
    </bndbox>
  </object>
  <object>
    <name>balloon</name>
    <occluded>0</occluded>
    <bndbox>
      <xmin>369.0</xmin>
      <ymin>229.0</ymin>
      <xmax>411.0</xmax>
      <ymax>273.0</ymax>
    </bndbox>
  </object>
  <object>
    <name>balloon</name>
    <occluded>0</occluded>
    <bndbox>
      <xmin>246.0</xmin>
      <ymin>188.0</ymin>
      <xmax>375.0</xmax>
      <ymax>314.0</ymax>
    </bndbox>
  </object>
  <object>
    <name>balloon</name>
    <occluded>0</occluded>
    <bndbox>
      <xmin>370.0</xmin>
      <ymin>156.0</ymin>
      <xmax>478.0</xmax>
      <ymax>276.0</ymax>
    </bndbox>
  </object>
  <object>
    <name>balloon</name>
    <occluded>0</occluded>
    <bndbox>
      <xmin>479.0</xmin>
      <ymin>203.0</ymin>
      <xmax>595.0</xmax>
      <ymax>308.0</ymax>
    </bndbox>
  </object>
</annotation>
