<annotation>
  <folder></folder>
  <filename>balloon-35.jpg</filename>
  <source>
    <database>Unknown</database>
    <annotation>Unknown</annotation>
    <image>Unknown</image>
  </source>
  <size>
    <width>1024</width>
    <height>956</height>
    <depth></depth>
  </size>
  <segmented>0</segmented>
  <object>
    <name>balloon</name>
    <occluded>0</occluded>
    <bndbox>
      <xmin>564.0</xmin>
      <ymin>13.0</ymin>
      <xmax>701.0</xmax>
      <ymax>161.0</ymax>
    </bndbox>
  </object>
  <object>
    <name>balloon</name>
    <occluded>0</occluded>
    <bndbox>
      <xmin>757.0</xmin>
      <ymin>94.0</ymin>
      <xmax>863.0</xmax>
      <ymax>208.0</ymax>
    </bndbox>
  </object>
  <object>
    <name>balloon</name>
    <occluded>0</occluded>
    <bndbox>
      <xmin>302.0</xmin>
      <ymin>248.0</ymin>
      <xmax>353.0</xmax>
      <ymax>302.0</ymax>
    </bndbox>
  </object>
  <object>
    <name>balloon</name>
    <occluded>0</occluded>
    <bndbox>
      <xmin>278.0</xmin>
      <ymin>222.0</ymin>
      <xmax>333.0</xmax>
      <ymax>280.0</ymax>
    </bndbox>
  </object>
  <object>
    <name>balloon</name>
    <occluded>0</occluded>
    <bndbox>
      <xmin>401.0</xmin>
      <ymin>153.0</ymin>
      <xmax>511.0</xmax>
      <ymax>264.0</ymax>
    </bndbox>
  </object>
  <object>
    <name>balloon</name>
    <occluded>0</occluded>
    <bndbox>
      <xmin>577.0</xmin>
      <ymin>163.0</ymin>
      <xmax>679.0</xmax>
      <ymax>236.0</ymax>
    </bndbox>
  </object>
  <object>
    <name>balloon</name>
    <occluded>0</occluded>
    <bndbox>
      <xmin>681.0</xmin>
      <ymin>238.0</ymin>
      <xmax>775.0</xmax>
      <ymax>310.0</ymax>
    </bndbox>
  </object>
  <object>
    <name>balloon</name>
    <occluded>0</occluded>
    <bndbox>
      <xmin>662.0</xmin>
      <ymin>173.0</ymin>
      <xmax>756.0</xmax>
      <ymax>251.0</ymax>
    </bndbox>
  </object>
  <object>
    <name>balloon</name>
    <occluded>0</occluded>
    <bndbox>
      <xmin>576.0</xmin>
      <ymin>139.0</ymin>
      <xmax>683.0</xmax>
      <ymax>180.0</ymax>
    </bndbox>
  </object>
  <object>
    <name>balloon</name>
    <occluded>0</occluded>
    <bndbox>
      <xmin>668.0</xmin>
      <ymin>139.0</ymin>
      <xmax>743.0</xmax>
      <ymax>185.0</ymax>
    </bndbox>
  </object>
  <object>
    <name>balloon</name>
    <occluded>0</occluded>
    <bndbox>
      <xmin>735.0</xmin>
      <ymin>181.0</ymin>
      <xmax>851.0</xmax>
      <ymax>283.0</ymax>
    </bndbox>
  </object>
  <object>
    <name>balloon</name>
    <occluded>0</occluded>
    <bndbox>
      <xmin>470.0</xmin>
      <ymin>35.0</ymin>
      <xmax>579.0</xmax>
      <ymax>161.0</ymax>
    </bndbox>
  </object>
  <object>
    <name>balloon</name>
    <occluded>0</occluded>
    <bndbox>
      <xmin>682.0</xmin>
      <ymin>34.0</ymin>
      <xmax>808.0</xmax>
      <ymax>173.0</ymax>
    </bndbox>
  </object>
  <object>
    <name>balloon</name>
    <occluded>0</occluded>
    <bndbox>
      <xmin>473.0</xmin>
      <ymin>118.0</ymin>
      <xmax>593.0</xmax>
      <ymax>204.0</ymax>
    </bndbox>
  </object>
  <object>
    <name>balloon</name>
    <occluded>0</occluded>
    <bndbox>
      <xmin>508.0</xmin>
      <ymin>192.0</ymin>
      <xmax>597.0</xmax>
      <ymax>255.0</ymax>
    </bndbox>
  </object>
  <object>
    <name>balloon</name>
    <occluded>0</occluded>
    <bndbox>
      <xmin>583.0</xmin>
      <ymin>222.0</ymin>
      <xmax>682.0</xmax>
      <ymax>291.0</ymax>
    </bndbox>
  </object>
</annotation>
