<annotation>
  <folder></folder>
  <filename>balloon-57.jpg</filename>
  <source>
    <database>Unknown</database>
    <annotation>Unknown</annotation>
    <image>Unknown</image>
  </source>
  <size>
    <width>2048</width>
    <height>1536</height>
    <depth></depth>
  </size>
  <segmented>0</segmented>
  <object>
    <name>balloon</name>
    <occluded>0</occluded>
    <bndbox>
      <xmin>1279.0</xmin>
      <ymin>469.0</ymin>
      <xmax>1684.0</xmax>
      <ymax>1099.0</ymax>
    </bndbox>
  </object>
  <object>
    <name>balloon</name>
    <occluded>0</occluded>
    <bndbox>
      <xmin>1037.0</xmin>
      <ymin>56.0</ymin>
      <xmax>1586.0</xmax>
      <ymax>799.0</ymax>
    </bndbox>
  </object>
  <object>
    <name>balloon</name>
    <occluded>0</occluded>
    <bndbox>
      <xmin>748.0</xmin>
      <ymin>195.0</ymin>
      <xmax>1425.0</xmax>
      <ymax>1101.0</ymax>
    </bndbox>
  </object>
  <object>
    <name>balloon</name>
    <occluded>0</occluded>
    <bndbox>
      <xmin>211.0</xmin>
      <ymin>930.0</ymin>
      <xmax>568.0</xmax>
      <ymax>1383.0</ymax>
    </bndbox>
  </object>
  <object>
    <name>balloon</name>
    <occluded>0</occluded>
    <bndbox>
      <xmin>397.0</xmin>
      <ymin>468.0</ymin>
      <xmax>728.0</xmax>
      <ymax>890.0</ymax>
    </bndbox>
  </object>
  <object>
    <name>balloon</name>
    <occluded>0</occluded>
    <bndbox>
      <xmin>490.0</xmin>
      <ymin>797.0</ymin>
      <xmax>819.0</xmax>
      <ymax>1229.0</ymax>
    </bndbox>
  </object>
  <object>
    <name>balloon</name>
    <occluded>0</occluded>
    <bndbox>
      <xmin>1599.0</xmin>
      <ymin>498.0</ymin>
      <xmax>1904.0</xmax>
      <ymax>1015.0</ymax>
    </bndbox>
  </object>
</annotation>
