<annotation>
  <folder></folder>
  <filename>balloon-27.jpg</filename>
  <source>
    <database>Unknown</database>
    <annotation>Unknown</annotation>
    <image>Unknown</image>
  </source>
  <size>
    <width>679</width>
    <height>1024</height>
    <depth></depth>
  </size>
  <segmented>0</segmented>
  <object>
    <name>balloon</name>
    <occluded>0</occluded>
    <bndbox>
      <xmin>416.0</xmin>
      <ymin>525.0</ymin>
      <xmax>592.0</xmax>
      <ymax>662.0</ymax>
    </bndbox>
  </object>
  <object>
    <name>balloon</name>
    <occluded>0</occluded>
    <bndbox>
      <xmin>340.0</xmin>
      <ymin>668.0</ymin>
      <xmax>447.0</xmax>
      <ymax>778.0</ymax>
    </bndbox>
  </object>
  <object>
    <name>balloon</name>
    <occluded>0</occluded>
    <bndbox>
      <xmin>366.0</xmin>
      <ymin>630.0</ymin>
      <xmax>460.0</xmax>
      <ymax>728.0</ymax>
    </bndbox>
  </object>
  <object>
    <name>balloon</name>
    <occluded>0</occluded>
    <bndbox>
      <xmin>370.0</xmin>
      <ymin>255.0</ymin>
      <xmax>423.0</xmax>
      <ymax>370.0</ymax>
    </bndbox>
  </object>
  <object>
    <name>balloon</name>
    <occluded>0</occluded>
    <bndbox>
      <xmin>302.0</xmin>
      <ymin>322.0</ymin>
      <xmax>371.0</xmax>
      <ymax>410.0</ymax>
    </bndbox>
  </object>
  <object>
    <name>balloon</name>
    <occluded>0</occluded>
    <bndbox>
      <xmin>84.0</xmin>
      <ymin>474.0</ymin>
      <xmax>183.0</xmax>
      <ymax>579.0</ymax>
    </bndbox>
  </object>
  <object>
    <name>balloon</name>
    <occluded>0</occluded>
    <bndbox>
      <xmin>42.0</xmin>
      <ymin>517.0</ymin>
      <xmax>100.0</xmax>
      <ymax>572.0</ymax>
    </bndbox>
  </object>
  <object>
    <name>balloon</name>
    <occluded>0</occluded>
    <bndbox>
      <xmin>0.0</xmin>
      <ymin>444.0</ymin>
      <xmax>106.0</xmax>
      <ymax>537.0</ymax>
    </bndbox>
  </object>
  <object>
    <name>balloon</name>
    <occluded>0</occluded>
    <bndbox>
      <xmin>18.0</xmin>
      <ymin>386.0</ymin>
      <xmax>67.0</xmax>
      <ymax>451.0</ymax>
    </bndbox>
  </object>
  <object>
    <name>balloon</name>
    <occluded>0</occluded>
    <bndbox>
      <xmin>56.0</xmin>
      <ymin>368.0</ymin>
      <xmax>153.0</xmax>
      <ymax>474.0</ymax>
    </bndbox>
  </object>
  <object>
    <name>balloon</name>
    <occluded>0</occluded>
    <bndbox>
      <xmin>108.0</xmin>
      <ymin>340.0</ymin>
      <xmax>197.0</xmax>
      <ymax>440.0</ymax>
    </bndbox>
  </object>
</annotation>
