<annotation>
  <folder></folder>
  <filename>balloon-30.jpg</filename>
  <source>
    <database>Unknown</database>
    <annotation>Unknown</annotation>
    <image>Unknown</image>
  </source>
  <size>
    <width>1024</width>
    <height>768</height>
    <depth></depth>
  </size>
  <segmented>0</segmented>
  <object>
    <name>balloon</name>
    <occluded>0</occluded>
    <bndbox>
      <xmin>241.0</xmin>
      <ymin>96.0</ymin>
      <xmax>460.0</xmax>
      <ymax>367.0</ymax>
    </bndbox>
  </object>
  <object>
    <name>balloon</name>
    <occluded>0</occluded>
    <bndbox>
      <xmin>354.0</xmin>
      <ymin>1.0</ymin>
      <xmax>569.0</xmax>
      <ymax>205.0</ymax>
    </bndbox>
  </object>
  <object>
    <name>balloon</name>
    <occluded>0</occluded>
    <bndbox>
      <xmin>454.0</xmin>
      <ymin>0.0</ymin>
      <xmax>587.0</xmax>
      <ymax>247.0</ymax>
    </bndbox>
  </object>
</annotation>
