<annotation>
  <folder></folder>
  <filename>balloon-36.jpg</filename>
  <source>
    <database>Unknown</database>
    <annotation>Unknown</annotation>
    <image>Unknown</image>
  </source>
  <size>
    <width>818</width>
    <height>1024</height>
    <depth></depth>
  </size>
  <segmented>0</segmented>
  <object>
    <name>balloon</name>
    <occluded>0</occluded>
    <bndbox>
      <xmin>233.0</xmin>
      <ymin>29.0</ymin>
      <xmax>328.0</xmax>
      <ymax>124.0</ymax>
    </bndbox>
  </object>
  <object>
    <name>balloon</name>
    <occluded>0</occluded>
    <bndbox>
      <xmin>352.0</xmin>
      <ymin>28.0</ymin>
      <xmax>449.0</xmax>
      <ymax>124.0</ymax>
    </bndbox>
  </object>
</annotation>
