<annotation>
  <folder></folder>
  <filename>balloon-33.jpg</filename>
  <source>
    <database>Unknown</database>
    <annotation>Unknown</annotation>
    <image>Unknown</image>
  </source>
  <size>
    <width>683</width>
    <height>1024</height>
    <depth></depth>
  </size>
  <segmented>0</segmented>
  <object>
    <name>balloon</name>
    <occluded>0</occluded>
    <bndbox>
      <xmin>276.0</xmin>
      <ymin>420.0</ymin>
      <xmax>416.0</xmax>
      <ymax>580.0</ymax>
    </bndbox>
  </object>
</annotation>
