<annotation>
  <folder></folder>
  <filename>balloon-61.jpg</filename>
  <source>
    <database>Unknown</database>
    <annotation>Unknown</annotation>
    <image>Unknown</image>
  </source>
  <size>
    <width>2048</width>
    <height>1536</height>
    <depth></depth>
  </size>
  <segmented>0</segmented>
  <object>
    <name>balloon</name>
    <occluded>0</occluded>
    <bndbox>
      <xmin>994.0</xmin>
      <ymin>619.0</ymin>
      <xmax>1445.0</xmax>
      <ymax>1166.0</ymax>
    </bndbox>
  </object>
</annotation>
