<annotation>
  <folder></folder>
  <filename>balloon-52.jpg</filename>
  <source>
    <database>Unknown</database>
    <annotation>Unknown</annotation>
    <image>Unknown</image>
  </source>
  <size>
    <width>2048</width>
    <height>1356</height>
    <depth></depth>
  </size>
  <segmented>0</segmented>
  <object>
    <name>balloon</name>
    <occluded>0</occluded>
    <bndbox>
      <xmin>1206.0</xmin>
      <ymin>41.0</ymin>
      <xmax>1414.0</xmax>
      <ymax>236.0</ymax>
    </bndbox>
  </object>
  <object>
    <name>balloon</name>
    <occluded>0</occluded>
    <bndbox>
      <xmin>995.0</xmin>
      <ymin>61.0</ymin>
      <xmax>1174.0</xmax>
      <ymax>288.0</ymax>
    </bndbox>
  </object>
  <object>
    <name>balloon</name>
    <occluded>0</occluded>
    <bndbox>
      <xmin>1122.0</xmin>
      <ymin>194.0</ymin>
      <xmax>1310.0</xmax>
      <ymax>375.0</ymax>
    </bndbox>
  </object>
</annotation>
