<annotation>
  <folder></folder>
  <filename>balloon-70.jpg</filename>
  <source>
    <database>Unknown</database>
    <annotation>Unknown</annotation>
    <image>Unknown</image>
  </source>
  <size>
    <width>2048</width>
    <height>1536</height>
    <depth></depth>
  </size>
  <segmented>0</segmented>
  <object>
    <name>balloon</name>
    <occluded>0</occluded>
    <bndbox>
      <xmin>1414.0</xmin>
      <ymin>588.0</ymin>
      <xmax>1467.0</xmax>
      <ymax>639.0</ymax>
    </bndbox>
  </object>
  <object>
    <name>balloon</name>
    <occluded>0</occluded>
    <bndbox>
      <xmin>260.0</xmin>
      <ymin>654.0</ymin>
      <xmax>319.0</xmax>
      <ymax>712.0</ymax>
    </bndbox>
  </object>
  <object>
    <name>balloon</name>
    <occluded>0</occluded>
    <bndbox>
      <xmin>964.0</xmin>
      <ymin>608.0</ymin>
      <xmax>1023.0</xmax>
      <ymax>668.0</ymax>
    </bndbox>
  </object>
  <object>
    <name>balloon</name>
    <occluded>0</occluded>
    <bndbox>
      <xmin>1738.0</xmin>
      <ymin>527.0</ymin>
      <xmax>1778.0</xmax>
      <ymax>568.0</ymax>
    </bndbox>
  </object>
</annotation>
