<annotation>
  <folder></folder>
  <filename>balloon-51.jpg</filename>
  <source>
    <database>Unknown</database>
    <annotation>Unknown</annotation>
    <image>Unknown</image>
  </source>
  <size>
    <width>1357</width>
    <height>2048</height>
    <depth></depth>
  </size>
  <segmented>0</segmented>
  <object>
    <name>balloon</name>
    <occluded>0</occluded>
    <bndbox>
      <xmin>376.0</xmin>
      <ymin>257.0</ymin>
      <xmax>619.0</xmax>
      <ymax>581.0</ymax>
    </bndbox>
  </object>
  <object>
    <name>balloon</name>
    <occluded>0</occluded>
    <bndbox>
      <xmin>182.0</xmin>
      <ymin>435.0</ymin>
      <xmax>483.0</xmax>
      <ymax>686.0</ymax>
    </bndbox>
  </object>
  <object>
    <name>balloon</name>
    <occluded>0</occluded>
    <bndbox>
      <xmin>432.0</xmin>
      <ymin>483.0</ymin>
      <xmax>607.0</xmax>
      <ymax>661.0</ymax>
    </bndbox>
  </object>
</annotation>
