<annotation>
  <folder></folder>
  <filename>balloon-58.jpg</filename>
  <source>
    <database>Unknown</database>
    <annotation>Unknown</annotation>
    <image>Unknown</image>
  </source>
  <size>
    <width>1536</width>
    <height>2048</height>
    <depth></depth>
  </size>
  <segmented>0</segmented>
  <object>
    <name>balloon</name>
    <occluded>0</occluded>
    <bndbox>
      <xmin>823.0</xmin>
      <ymin>619.0</ymin>
      <xmax>1161.0</xmax>
      <ymax>1064.0</ymax>
    </bndbox>
  </object>
  <object>
    <name>balloon</name>
    <occluded>0</occluded>
    <bndbox>
      <xmin>805.0</xmin>
      <ymin>991.0</ymin>
      <xmax>1122.0</xmax>
      <ymax>1364.0</ymax>
    </bndbox>
  </object>
  <object>
    <name>balloon</name>
    <occluded>0</occluded>
    <bndbox>
      <xmin>600.0</xmin>
      <ymin>1219.0</ymin>
      <xmax>822.0</xmax>
      <ymax>1575.0</ymax>
    </bndbox>
  </object>
  <object>
    <name>balloon</name>
    <occluded>0</occluded>
    <bndbox>
      <xmin>390.0</xmin>
      <ymin>1122.0</ymin>
      <xmax>739.0</xmax>
      <ymax>1496.0</ymax>
    </bndbox>
  </object>
  <object>
    <name>balloon</name>
    <occluded>0</occluded>
    <bndbox>
      <xmin>355.0</xmin>
      <ymin>926.0</ymin>
      <xmax>587.0</xmax>
      <ymax>1134.0</ymax>
    </bndbox>
  </object>
  <object>
    <name>balloon</name>
    <occluded>0</occluded>
    <bndbox>
      <xmin>307.0</xmin>
      <ymin>637.0</ymin>
      <xmax>640.0</xmax>
      <ymax>1048.0</ymax>
    </bndbox>
  </object>
  <object>
    <name>balloon</name>
    <occluded>0</occluded>
    <bndbox>
      <xmin>461.0</xmin>
      <ymin>522.0</ymin>
      <xmax>678.0</xmax>
      <ymax>830.0</ymax>
    </bndbox>
  </object>
  <object>
    <name>balloon</name>
    <occluded>0</occluded>
    <bndbox>
      <xmin>534.0</xmin>
      <ymin>365.0</ymin>
      <xmax>871.0</xmax>
      <ymax>811.0</ymax>
    </bndbox>
  </object>
  <object>
    <name>balloon</name>
    <occluded>0</occluded>
    <bndbox>
      <xmin>795.0</xmin>
      <ymin>457.0</ymin>
      <xmax>1013.0</xmax>
      <ymax>805.0</ymax>
    </bndbox>
  </object>
  <object>
    <name>balloon</name>
    <occluded>0</occluded>
    <bndbox>
      <xmin>564.0</xmin>
      <ymin>803.0</ymin>
      <xmax>907.0</xmax>
      <ymax>1245.0</ymax>
    </bndbox>
  </object>
</annotation>
