<annotation>
  <folder></folder>
  <filename>balloon-20.jpg</filename>
  <source>
    <database>Unknown</database>
    <annotation>Unknown</annotation>
    <image>Unknown</image>
  </source>
  <size>
    <width>1024</width>
    <height>683</height>
    <depth></depth>
  </size>
  <segmented>0</segmented>
  <object>
    <name>balloon</name>
    <occluded>0</occluded>
    <bndbox>
      <xmin>158.0</xmin>
      <ymin>303.0</ymin>
      <xmax>577.0</xmax>
      <ymax>677.0</ymax>
    </bndbox>
  </object>
  <object>
    <name>balloon</name>
    <occluded>0</occluded>
    <bndbox>
      <xmin>466.0</xmin>
      <ymin>14.0</ymin>
      <xmax>974.0</xmax>
      <ymax>520.0</ymax>
    </bndbox>
  </object>
</annotation>
