<annotation>
  <folder></folder>
  <filename>balloon-6.jpg</filename>
  <source>
    <database>Unknown</database>
    <annotation>Unknown</annotation>
    <image>Unknown</image>
  </source>
  <size>
    <width>768</width>
    <height>1024</height>
    <depth></depth>
  </size>
  <segmented>0</segmented>
  <object>
    <name>balloon</name>
    <occluded>0</occluded>
    <bndbox>
      <xmin>53.0</xmin>
      <ymin>544.0</ymin>
      <xmax>648.0</xmax>
      <ymax>1024.0</ymax>
    </bndbox>
  </object>
  <object>
    <name>balloon</name>
    <occluded>0</occluded>
    <bndbox>
      <xmin>649.0</xmin>
      <ymin>515.0</ymin>
      <xmax>768.0</xmax>
      <ymax>970.0</ymax>
    </bndbox>
  </object>
</annotation>
