<annotation>
<folder>images</folder>
<filename>30280d33-images_480.jpeg</filename>
<source>
<database>MyDatabase</database>
<annotation>COCO2017</annotation>
<image>flickr</image>
<flickrid>NULL</flickrid>
<annotator>1</annotator>
</source>
<owner>
<flickrid>NULL</flickrid>
<name>Label Studio</name>
</owner>
<size>
<width>385</width>
<height>131</height>
<depth>3</depth>
</size>
<segmented>0</segmented>
<object>
<name>Bolt</name>
<pose>Unspecified</pose>
<truncated>0</truncated>
<difficult>0</difficult>
<bndbox>
<xmin>173</xmin>
<ymin>11</ymin>
<xmax>361</xmax>
<ymax>117</ymax>
</bndbox>
</object>
</annotation>
