<annotation>
<folder>images</folder>
<filename>55098631-images_83.jpeg</filename>
<source>
<database>MyDatabase</database>
<annotation>COCO2017</annotation>
<image>flickr</image>
<flickrid>NULL</flickrid>
<annotator>1</annotator>
</source>
<owner>
<flickrid>NULL</flickrid>
<name>Label Studio</name>
</owner>
<size>
<width>299</width>
<height>168</height>
<depth>3</depth>
</size>
<segmented>0</segmented>
<object>
<name>Bolt</name>
<pose>Unspecified</pose>
<truncated>0</truncated>
<difficult>0</difficult>
<bndbox>
<xmin>11</xmin>
<ymin>27</ymin>
<xmax>285</xmax>
<ymax>111</ymax>
</bndbox>
</object>
</annotation>
