<annotation>
<folder>images</folder>
<filename>56b9edb7-images_449.jpeg</filename>
<source>
<database>MyDatabase</database>
<annotation>COCO2017</annotation>
<image>flickr</image>
<flickrid>NULL</flickrid>
<annotator>1</annotator>
</source>
<owner>
<flickrid>NULL</flickrid>
<name>Label Studio</name>
</owner>
<size>
<width>225</width>
<height>225</height>
<depth>3</depth>
</size>
<segmented>0</segmented>
<object>
<name>Bolt</name>
<pose>Unspecified</pose>
<truncated>0</truncated>
<difficult>0</difficult>
<bndbox>
<xmin>32</xmin>
<ymin>28</ymin>
<xmax>198</xmax>
<ymax>217</ymax>
</bndbox>
</object>
</annotation>
