<annotation>
<folder>images</folder>
<filename>6931b4e2-images_105.jpeg</filename>
<source>
<database>MyDatabase</database>
<annotation>COCO2017</annotation>
<image>flickr</image>
<flickrid>NULL</flickrid>
<annotator>1</annotator>
</source>
<owner>
<flickrid>NULL</flickrid>
<name>Label Studio</name>
</owner>
<size>
<width>259</width>
<height>194</height>
<depth>3</depth>
</size>
<segmented>0</segmented>
<object>
<name>Bolt</name>
<pose>Unspecified</pose>
<truncated>0</truncated>
<difficult>0</difficult>
<bndbox>
<xmin>83</xmin>
<ymin>6</ymin>
<xmax>169</xmax>
<ymax>158</ymax>
</bndbox>
</object>
</annotation>
