<annotation>
<folder>images</folder>
<filename>7f8a7876-images_201.jpeg</filename>
<source>
<database>MyDatabase</database>
<annotation>COCO2017</annotation>
<image>flickr</image>
<flickrid>NULL</flickrid>
<annotator>1</annotator>
</source>
<owner>
<flickrid>NULL</flickrid>
<name>Label Studio</name>
</owner>
<size>
<width>220</width>
<height>229</height>
<depth>3</depth>
</size>
<segmented>0</segmented>
<object>
<name>Bolt</name>
<pose>Unspecified</pose>
<truncated>0</truncated>
<difficult>0</difficult>
<bndbox>
<xmin>44</xmin>
<ymin>136</ymin>
<xmax>90</xmax>
<ymax>228</ymax>
</bndbox>
</object>
<object>
<name>Bolt</name>
<pose>Unspecified</pose>
<truncated>0</truncated>
<difficult>0</difficult>
<bndbox>
<xmin>91</xmin>
<ymin>1</ymin>
<xmax>137</xmax>
<ymax>117</ymax>
</bndbox>
</object>
<object>
<name>Bolt</name>
<pose>Unspecified</pose>
<truncated>0</truncated>
<difficult>0</difficult>
<bndbox>
<xmin>92</xmin>
<ymin>134</ymin>
<xmax>134</xmax>
<ymax>227</ymax>
</bndbox>
</object>
<object>
<name>Bolt</name>
<pose>Unspecified</pose>
<truncated>0</truncated>
<difficult>0</difficult>
<bndbox>
<xmin>41</xmin>
<ymin>0</ymin>
<xmax>84</xmax>
<ymax>115</ymax>
</bndbox>
</object>
<object>
<name>Bolt</name>
<pose>Unspecified</pose>
<truncated>0</truncated>
<difficult>0</difficult>
<bndbox>
<xmin>145</xmin>
<ymin>0</ymin>
<xmax>174</xmax>
<ymax>62</ymax>
</bndbox>
</object>
<object>
<name>Bolt</name>
<pose>Unspecified</pose>
<truncated>0</truncated>
<difficult>0</difficult>
<bndbox>
<xmin>180</xmin>
<ymin>2</ymin>
<xmax>207</xmax>
<ymax>63</ymax>
</bndbox>
</object>
<object>
<name>Bolt</name>
<pose>Unspecified</pose>
<truncated>0</truncated>
<difficult>0</difficult>
<bndbox>
<xmin>146</xmin>
<ymin>72</ymin>
<xmax>213</xmax>
<ymax>104</ymax>
</bndbox>
</object>
<object>
<name>Bolt</name>
<pose>Unspecified</pose>
<truncated>0</truncated>
<difficult>0</difficult>
<bndbox>
<xmin>141</xmin>
<ymin>99</ymin>
<xmax>206</xmax>
<ymax>134</ymax>
</bndbox>
</object>
<object>
<name>Bolt</name>
<pose>Unspecified</pose>
<truncated>0</truncated>
<difficult>0</difficult>
<bndbox>
<xmin>136</xmin>
<ymin>151</ymin>
<xmax>217</xmax>
<ymax>184</ymax>
</bndbox>
</object>
<object>
<name>Bolt</name>
<pose>Unspecified</pose>
<truncated>0</truncated>
<difficult>0</difficult>
<bndbox>
<xmin>136</xmin>
<ymin>189</ymin>
<xmax>216</xmax>
<ymax>223</ymax>
</bndbox>
</object>
</annotation>
