<annotation>
<folder>images</folder>
<filename>92301f15-images_173.jpeg</filename>
<source>
<database>MyDatabase</database>
<annotation>COCO2017</annotation>
<image>flickr</image>
<flickrid>NULL</flickrid>
<annotator>1</annotator>
</source>
<owner>
<flickrid>NULL</flickrid>
<name>Label Studio</name>
</owner>
<size>
<width>260</width>
<height>172</height>
<depth>3</depth>
</size>
<segmented>0</segmented>
<object>
<name>Bolt</name>
<pose>Unspecified</pose>
<truncated>0</truncated>
<difficult>0</difficult>
<bndbox>
<xmin>22</xmin>
<ymin>26</ymin>
<xmax>110</xmax>
<ymax>43</ymax>
</bndbox>
</object>
<object>
<name>Bolt</name>
<pose>Unspecified</pose>
<truncated>0</truncated>
<difficult>0</difficult>
<bndbox>
<xmin>18</xmin>
<ymin>45</ymin>
<xmax>84</xmax>
<ymax>62</ymax>
</bndbox>
</object>
<object>
<name>Bolt</name>
<pose>Unspecified</pose>
<truncated>0</truncated>
<difficult>0</difficult>
<bndbox>
<xmin>18</xmin>
<ymin>67</ymin>
<xmax>86</xmax>
<ymax>83</ymax>
</bndbox>
</object>
<object>
<name>Bolt</name>
<pose>Unspecified</pose>
<truncated>0</truncated>
<difficult>0</difficult>
<bndbox>
<xmin>14</xmin>
<ymin>85</ymin>
<xmax>66</xmax>
<ymax>109</ymax>
</bndbox>
</object>
<object>
<name>Bolt</name>
<pose>Unspecified</pose>
<truncated>0</truncated>
<difficult>0</difficult>
<bndbox>
<xmin>13</xmin>
<ymin>112</ymin>
<xmax>62</xmax>
<ymax>131</ymax>
</bndbox>
</object>
<object>
<name>Bolt</name>
<pose>Unspecified</pose>
<truncated>0</truncated>
<difficult>0</difficult>
<bndbox>
<xmin>14</xmin>
<ymin>138</ymin>
<xmax>45</xmax>
<ymax>151</ymax>
</bndbox>
</object>
<object>
<name>Bolt</name>
<pose>Unspecified</pose>
<truncated>0</truncated>
<difficult>0</difficult>
<bndbox>
<xmin>71</xmin>
<ymin>125</ymin>
<xmax>83</xmax>
<ymax>152</ymax>
</bndbox>
</object>
<object>
<name>Bolt</name>
<pose>Unspecified</pose>
<truncated>0</truncated>
<difficult>0</difficult>
<bndbox>
<xmin>90</xmin>
<ymin>98</ymin>
<xmax>117</xmax>
<ymax>150</ymax>
</bndbox>
</object>
<object>
<name>Bolt</name>
<pose>Unspecified</pose>
<truncated>0</truncated>
<difficult>0</difficult>
<bndbox>
<xmin>129</xmin>
<ymin>82</ymin>
<xmax>151</xmax>
<ymax>150</ymax>
</bndbox>
</object>
<object>
<name>Bolt</name>
<pose>Unspecified</pose>
<truncated>0</truncated>
<difficult>0</difficult>
<bndbox>
<xmin>155</xmin>
<ymin>76</ymin>
<xmax>181</xmax>
<ymax>143</ymax>
</bndbox>
</object>
<object>
<name>Bolt</name>
<pose>Unspecified</pose>
<truncated>0</truncated>
<difficult>0</difficult>
<bndbox>
<xmin>164</xmin>
<ymin>42</ymin>
<xmax>193</xmax>
<ymax>122</ymax>
</bndbox>
</object>
<object>
<name>Bolt</name>
<pose>Unspecified</pose>
<truncated>0</truncated>
<difficult>0</difficult>
<bndbox>
<xmin>185</xmin>
<ymin>20</ymin>
<xmax>222</xmax>
<ymax>95</ymax>
</bndbox>
</object>
<object>
<name>Bolt</name>
<pose>Unspecified</pose>
<truncated>0</truncated>
<difficult>0</difficult>
<bndbox>
<xmin>88</xmin>
<ymin>14</ymin>
<xmax>141</xmax>
<ymax>82</ymax>
</bndbox>
</object>
<object>
<name>Bolt</name>
<pose>Unspecified</pose>
<truncated>0</truncated>
<difficult>0</difficult>
<bndbox>
<xmin>66</xmin>
<ymin>22</ymin>
<xmax>180</xmax>
<ymax>116</ymax>
</bndbox>
</object>
</annotation>
