<annotation>
<folder>images</folder>
<filename>a0906f79-images_392.jpeg</filename>
<source>
<database>MyDatabase</database>
<annotation>COCO2017</annotation>
<image>flickr</image>
<flickrid>NULL</flickrid>
<annotator>1</annotator>
</source>
<owner>
<flickrid>NULL</flickrid>
<name>Label Studio</name>
</owner>
<size>
<width>273</width>
<height>185</height>
<depth>3</depth>
</size>
<segmented>0</segmented>
<object>
<name>Bolt</name>
<pose>Unspecified</pose>
<truncated>0</truncated>
<difficult>0</difficult>
<bndbox>
<xmin>97</xmin>
<ymin>16</ymin>
<xmax>197</xmax>
<ymax>179</ymax>
</bndbox>
</object>
<object>
<name>Bolt</name>
<pose>Unspecified</pose>
<truncated>0</truncated>
<difficult>0</difficult>
<bndbox>
<xmin>18</xmin>
<ymin>59</ymin>
<xmax>250</xmax>
<ymax>82</ymax>
</bndbox>
</object>
</annotation>
