<annotation>
<folder>images</folder>
<filename>a13425ad-images_425.jpeg</filename>
<source>
<database>MyDatabase</database>
<annotation>COCO2017</annotation>
<image>flickr</image>
<flickrid>NULL</flickrid>
<annotator>1</annotator>
</source>
<owner>
<flickrid>NULL</flickrid>
<name>Label Studio</name>
</owner>
<size>
<width>297</width>
<height>170</height>
<depth>3</depth>
</size>
<segmented>0</segmented>
<object>
<name>Bolt</name>
<pose>Unspecified</pose>
<truncated>0</truncated>
<difficult>0</difficult>
<bndbox>
<xmin>69</xmin>
<ymin>0</ymin>
<xmax>131</xmax>
<ymax>142</ymax>
</bndbox>
</object>
<object>
<name>Bolt</name>
<pose>Unspecified</pose>
<truncated>0</truncated>
<difficult>0</difficult>
<bndbox>
<xmin>208</xmin>
<ymin>0</ymin>
<xmax>264</xmax>
<ymax>129</ymax>
</bndbox>
</object>
</annotation>
