<annotation>
<folder>images</folder>
<filename>a55968ca-images_28.jpeg</filename>
<source>
<database>MyDatabase</database>
<annotation>COCO2017</annotation>
<image>flickr</image>
<flickrid>NULL</flickrid>
<annotator>1</annotator>
</source>
<owner>
<flickrid>NULL</flickrid>
<name>Label Studio</name>
</owner>
<size>
<width>234</width>
<height>215</height>
<depth>3</depth>
</size>
<segmented>0</segmented>
<object>
<name>Bolt</name>
<pose>Unspecified</pose>
<truncated>0</truncated>
<difficult>0</difficult>
<bndbox>
<xmin>120</xmin>
<ymin>46</ymin>
<xmax>197</xmax>
<ymax>88</ymax>
</bndbox>
</object>
</annotation>
