<annotation>
<folder>images</folder>
<filename>a93595a5-images_110.jpeg</filename>
<source>
<database>MyDatabase</database>
<annotation>COCO2017</annotation>
<image>flickr</image>
<flickrid>NULL</flickrid>
<annotator>1</annotator>
</source>
<owner>
<flickrid>NULL</flickrid>
<name>Label Studio</name>
</owner>
<size>
<width>275</width>
<height>183</height>
<depth>3</depth>
</size>
<segmented>0</segmented>
<object>
<name>Bolt</name>
<pose>Unspecified</pose>
<truncated>0</truncated>
<difficult>0</difficult>
<bndbox>
<xmin>26</xmin>
<ymin>30</ymin>
<xmax>120</xmax>
<ymax>71</ymax>
</bndbox>
</object>
<object>
<name>Bolt</name>
<pose>Unspecified</pose>
<truncated>0</truncated>
<difficult>0</difficult>
<bndbox>
<xmin>7</xmin>
<ymin>96</ymin>
<xmax>126</xmax>
<ymax>150</ymax>
</bndbox>
</object>
<object>
<name>Bolt</name>
<pose>Unspecified</pose>
<truncated>0</truncated>
<difficult>0</difficult>
<bndbox>
<xmin>143</xmin>
<ymin>102</ymin>
<xmax>256</xmax>
<ymax>153</ymax>
</bndbox>
</object>
<object>
<name>Bolt</name>
<pose>Unspecified</pose>
<truncated>0</truncated>
<difficult>0</difficult>
<bndbox>
<xmin>153</xmin>
<ymin>35</ymin>
<xmax>241</xmax>
<ymax>73</ymax>
</bndbox>
</object>
</annotation>
