<annotation>
<folder>images</folder>
<filename>bdedf580-images_249.jpeg</filename>
<source>
<database>MyDatabase</database>
<annotation>COCO2017</annotation>
<image>flickr</image>
<flickrid>NULL</flickrid>
<annotator>1</annotator>
</source>
<owner>
<flickrid>NULL</flickrid>
<name>Label Studio</name>
</owner>
<size>
<width>225</width>
<height>225</height>
<depth>3</depth>
</size>
<segmented>0</segmented>
<object>
<name>Bolt</name>
<pose>Unspecified</pose>
<truncated>0</truncated>
<difficult>0</difficult>
<bndbox>
<xmin>38</xmin>
<ymin>19</ymin>
<xmax>65</xmax>
<ymax>147</ymax>
</bndbox>
</object>
<object>
<name>Bolt</name>
<pose>Unspecified</pose>
<truncated>0</truncated>
<difficult>0</difficult>
<bndbox>
<xmin>59</xmin>
<ymin>30</ymin>
<xmax>78</xmax>
<ymax>128</ymax>
</bndbox>
</object>
<object>
<name>Bolt</name>
<pose>Unspecified</pose>
<truncated>0</truncated>
<difficult>0</difficult>
<bndbox>
<xmin>84</xmin>
<ymin>19</ymin>
<xmax>101</xmax>
<ymax>120</ymax>
</bndbox>
</object>
<object>
<name>Bolt</name>
<pose>Unspecified</pose>
<truncated>0</truncated>
<difficult>0</difficult>
<bndbox>
<xmin>128</xmin>
<ymin>30</ymin>
<xmax>139</xmax>
<ymax>121</ymax>
</bndbox>
</object>
<object>
<name>Bolt</name>
<pose>Unspecified</pose>
<truncated>0</truncated>
<difficult>0</difficult>
<bndbox>
<xmin>144</xmin>
<ymin>10</ymin>
<xmax>155</xmax>
<ymax>69</ymax>
</bndbox>
</object>
<object>
<name>Bolt</name>
<pose>Unspecified</pose>
<truncated>0</truncated>
<difficult>0</difficult>
<bndbox>
<xmin>42</xmin>
<ymin>148</ymin>
<xmax>76</xmax>
<ymax>208</ymax>
</bndbox>
</object>
<object>
<name>Bolt</name>
<pose>Unspecified</pose>
<truncated>0</truncated>
<difficult>0</difficult>
<bndbox>
<xmin>83</xmin>
<ymin>139</ymin>
<xmax>112</xmax>
<ymax>211</ymax>
</bndbox>
</object>
<object>
<name>Bolt</name>
<pose>Unspecified</pose>
<truncated>0</truncated>
<difficult>0</difficult>
<bndbox>
<xmin>132</xmin>
<ymin>109</ymin>
<xmax>155</xmax>
<ymax>168</ymax>
</bndbox>
</object>
<object>
<name>Bolt</name>
<pose>Unspecified</pose>
<truncated>0</truncated>
<difficult>0</difficult>
<bndbox>
<xmin>159</xmin>
<ymin>138</ymin>
<xmax>178</xmax>
<ymax>164</ymax>
</bndbox>
</object>
<object>
<name>Bolt</name>
<pose>Unspecified</pose>
<truncated>0</truncated>
<difficult>0</difficult>
<bndbox>
<xmin>152</xmin>
<ymin>194</ymin>
<xmax>169</xmax>
<ymax>221</ymax>
</bndbox>
</object>
</annotation>
