<annotation>
<folder>images</folder>
<filename>f4c391f9-images_298.jpeg</filename>
<source>
<database>MyDatabase</database>
<annotation>COCO2017</annotation>
<image>flickr</image>
<flickrid>NULL</flickrid>
<annotator>1</annotator>
</source>
<owner>
<flickrid>NULL</flickrid>
<name>Label Studio</name>
</owner>
<size>
<width>254</width>
<height>199</height>
<depth>3</depth>
</size>
<segmented>0</segmented>
<object>
<name>Bolt</name>
<pose>Unspecified</pose>
<truncated>0</truncated>
<difficult>0</difficult>
<bndbox>
<xmin>55</xmin>
<ymin>2</ymin>
<xmax>232</xmax>
<ymax>132</ymax>
</bndbox>
</object>
<object>
<name>Bolt</name>
<pose>Unspecified</pose>
<truncated>0</truncated>
<difficult>0</difficult>
<bndbox>
<xmin>15</xmin>
<ymin>35</ymin>
<xmax>187</xmax>
<ymax>166</ymax>
</bndbox>
</object>
</annotation>
