<annotation>
<folder>images</folder>
<filename>f9f8404f-images_474.jpeg</filename>
<source>
<database>MyDatabase</database>
<annotation>COCO2017</annotation>
<image>flickr</image>
<flickrid>NULL</flickrid>
<annotator>1</annotator>
</source>
<owner>
<flickrid>NULL</flickrid>
<name>Label Studio</name>
</owner>
<size>
<width>178</width>
<height>283</height>
<depth>3</depth>
</size>
<segmented>0</segmented>
<object>
<name>Bolt</name>
<pose>Unspecified</pose>
<truncated>0</truncated>
<difficult>0</difficult>
<bndbox>
<xmin>14</xmin>
<ymin>45</ymin>
<xmax>50</xmax>
<ymax>148</ymax>
</bndbox>
</object>
<object>
<name>Bolt</name>
<pose>Unspecified</pose>
<truncated>0</truncated>
<difficult>0</difficult>
<bndbox>
<xmin>114</xmin>
<ymin>77</ymin>
<xmax>157</xmax>
<ymax>104</ymax>
</bndbox>
</object>
<object>
<name>Bolt</name>
<pose>Unspecified</pose>
<truncated>0</truncated>
<difficult>0</difficult>
<bndbox>
<xmin>62</xmin>
<ymin>153</ymin>
<xmax>69</xmax>
<ymax>194</ymax>
</bndbox>
</object>
<object>
<name>Bolt</name>
<pose>Unspecified</pose>
<truncated>0</truncated>
<difficult>0</difficult>
<bndbox>
<xmin>48</xmin>
<ymin>3</ymin>
<xmax>69</xmax>
<ymax>57</ymax>
</bndbox>
</object>
</annotation>
