<annotation>
<folder>images</folder>
<filename>faa4b67f-images_43.png</filename>
<source>
<database>MyDatabase</database>
<annotation>COCO2017</annotation>
<image>flickr</image>
<flickrid>NULL</flickrid>
<annotator>1</annotator>
</source>
<owner>
<flickrid>NULL</flickrid>
<name>Label Studio</name>
</owner>
<size>
<width>264</width>
<height>191</height>
<depth>1</depth>
</size>
<segmented>0</segmented>
<object>
<name>Bolt</name>
<pose>Unspecified</pose>
<truncated>0</truncated>
<difficult>0</difficult>
<bndbox>
<xmin>173</xmin>
<ymin>127</ymin>
<xmax>208</xmax>
<ymax>146</ymax>
</bndbox>
</object>
</annotation>
