<annotation>
<folder>images</folder>
<filename>fbde0cd4-images_33.png</filename>
<source>
<database>MyDatabase</database>
<annotation>COCO2017</annotation>
<image>flickr</image>
<flickrid>NULL</flickrid>
<annotator>1</annotator>
</source>
<owner>
<flickrid>NULL</flickrid>
<name>Label Studio</name>
</owner>
<size>
<width>224</width>
<height>224</height>
<depth>1</depth>
</size>
<segmented>0</segmented>
<object>
<name>Bolt</name>
<pose>Unspecified</pose>
<truncated>0</truncated>
<difficult>0</difficult>
<bndbox>
<xmin>100</xmin>
<ymin>106</ymin>
<xmax>121</xmax>
<ymax>115</ymax>
</bndbox>
</object>
</annotation>
